50.0000166405	0
50.0000500262	0
50.000083412	0
50.0001167977	0
50.1931094534	0
50.1931430327	0
50.193176612	0
50.1932101914	0
50.1932437708	444.62902832
50.1932773502	530.171875
50.1933109297	565.585632324
50.1933445092	558.895263672
50.1933780887	482.57244873
50.1934116683	0
50.1934452479	0
50.1934788275	0
50.1935124072	0
50.193948946	0
50.1939825261	0
50.1940161063	0
50.1940496865	0
50.1940832667	336.884643555
50.194116847	614.72088623
50.1941504273	746.766967773
50.1941840077	668.918212891
50.1942175881	466.51159668
50.1942511685	0
50.1942847489	0
50.1943183294	0
50.1943519099	0
50.195124271	0
50.1951578523	0
50.1951914337	0
50.1952250151	0
50.1952585965	455.072387695
50.195292178	597.464172363
50.1953257594	603.20111084
50.195359341	517.890136719
50.1953929225	389.236022949
50.1954265041	0
50.1954600857	0
50.1954936674	0
50.1955272491	0
50.1970384601	0
50.1970720434	0
50.1971056267	0
50.19713921	0
50.1971727933	309.887817383
50.1972063767	522.82043457
50.1972399601	639.666992188
50.1972735435	623.786499023
50.197307127	465.957397461
50.1973407105	0
50.1973742941	0
50.1974078777	0
50.1974414613	0
50.3655793227	0
50.3656130753	0
50.3656468278	0
50.3656805804	0
50.365714333	274.298950195
50.3657480857	558.211547852
50.3657818384	663.986450195
50.3658155911	579.443115234
50.3658493439	393.035217285
50.3658830967	0
50.3659168495	0
50.3659506023	0
50.3659843552	0
50.5475921397	0
50.5476260754	0
50.547660011	0
50.5476939468	0
50.5477278825	442.997558594
50.5477618183	567.742980957
50.5477957541	637.985778809
50.54782969	624.32611084
50.5478636259	568.215148926
50.5478975618	496.249023438
50.5479314978	0
50.5479654338	0
50.5479993698	0
50.5480333058	0
50.8295497061	0
50.8295839261	0
50.8296181462	0
50.8296523662	0
50.8296865863	491.306762695
50.8297208064	654.361022949
50.8297550266	685.016601563
50.8297892468	524.35168457
50.829823467	257.028808594
50.8298576873	0
50.8298919076	0
50.8299261279	0
50.8299603483	0
50.9664660397	0
50.9665003981	0
50.9665347565	0
50.9665691149	0
50.9666034733	390.075500488
50.9666378318	675.283752441
50.9666721903	807.59753418
50.9667065489	689.296325684
50.9667409075	397.44519043
50.9667752661	0
50.9668096248	0
50.9668439835	0
50.9668783422	0
51.083830254	0
51.0838647311	0
51.0838992082	0
51.0839336854	0
51.0839681626	410.59765625
51.0840026398	638.681335449
51.0840371171	707.978210449
51.0840715944	617.796325684
51.0841060718	440.818237305
51.0841405491	0
51.0841750265	0
51.084209504	0
51.0842439815	0
51.1477762508	0
51.1478107927	0
51.1478453346	0
51.1478798765	0
51.1479144184	261.610046387
51.1479489604	536.565551758
51.1479835025	657.622314453
51.1480180445	576.291687012
51.1480525866	330.457458496
51.1480871288	0
51.1481216709	0
51.1481562131	0
51.1481907554	0
51.3274512864	0
51.3274860105	0
51.3275207345	0
51.3275554586	0
51.3275901827	323.203613281
51.3276249069	569.976379395
51.3276596311	721.421081543
51.3276943553	710.264465332
51.3277290796	536.643859863
51.3277638039	248.494689941
51.3277985282	0
51.3278332526	0
51.327867977	0
51.3279027015	0
51.4674316259	0
51.4674664921	0
51.4675013583	0
51.4675362245	0
51.4675710908	383.671630859
51.4676059571	520.656311035
51.4676408235	604.680114746
51.4676756898	589.831481934
51.4677105563	453.780273438
51.4677454227	0
51.4677802892	0
51.4678151557	0
51.4678500223	0
51.6051847671	0
51.6052197734	0
51.6052547797	0
51.605289786	0
51.6053247923	459.394592285
51.6053597987	612.97442627
51.6053948051	700.366149902
51.6054298116	641.843811035
51.6054648181	421.011169434
51.6054998246	0
51.6055348312	0
51.6055698378	0
51.6056048444	0
51.6056398511	0
51.6056748578	0
51.6057098645	0
51.6057448713	0
51.6057798781	345.087341309
51.6058148849	545.724060059
51.6058498918	644.900939941
51.6058848987	606.369018555
51.6059199057	479.006958008
51.6059549127	0
51.6059899197	0
51.6060249268	0
51.6060599339	0
51.6108562429	0
51.6108912549	0
51.6109262669	0
51.610961279	0
51.6109962911	470.51361084
51.6110313033	569.181518555
51.6110663155	604.399230957
51.6111013277	596.843017578
51.61113634	534.430297852
51.6111713523	413.997680664
51.6112063646	0
51.611241377	0
51.6112763894	0
51.6113114018	0
51.6274909606	0
51.6275259895	0
51.6275610185	0
51.6275960475	0
51.6276310765	391.69708252
51.6276661056	606.680603027
51.6277011347	681.645263672
51.6277361639	580.921203613
51.6277711931	333.501831055
51.6278062223	0
51.6278412516	0
51.6278762809	0
51.6279113102	0
51.7452139442	0
51.745249093	0
51.7452842419	0
51.7453193908	0
51.7453545397	461.301452637
51.7453896887	568.672485352
51.7454248377	611.286132813
51.7454599867	532.947570801
51.7454951358	351.121337891
51.7455302849	0
51.745565434	0
51.7456005832	0
51.7456357324	0
51.8542770377	0
51.8543122977	0
51.8543475577	0
51.8543828178	0
51.8544180779	375.515625
51.8544533381	590.502685547
51.8544885982	667.343444824
51.8545238585	552.092468262
51.8545591187	313.908569336
51.854594379	0
51.8546296393	0
51.8546648997	0
51.8547001601	0
52.1039341343	0
52.1039696493	0
52.1040051643	0
52.1040406793	0
52.1040761943	462.689331055
52.1041117094	581.224365234
52.1041472246	628.168029785
52.1041827397	561.76953125
52.104218255	414.765136719
52.1042537702	0
52.1042892855	0
52.1043248008	0
52.1043603162	0
52.2311680932	0
52.2312037383	0
52.2312393835	0
52.2312750287	0
52.2313106739	281.526489258
52.2313463192	539.059936523
52.2313819645	650.660339355
52.2314176098	634.93927002
52.2314532552	526.389770508
52.2314889006	338.074707031
52.2315245461	0
52.2315601915	0
52.2315958371	0
52.2316314826	0
52.4214610125	0
52.4214968526	0
52.4215326927	0
52.4215685329	0
52.4216043731	443.0078125
52.4216402133	570.787963867
52.4216760536	617.310424805
52.4217118939	562.823852539
52.4217477343	432.878967285
52.4217835747	0
52.4218194151	0
52.4218552555	0
52.421891096	0
52.5978077939	0
52.597843815	0
52.5978798361	0
52.5979158573	0
52.5979518785	492.30267334
52.5979878997	731.150695801
52.598023921	743.407104492
52.5980599423	559.59564209
52.5980959637	297.040527344
52.5981319851	0
52.5981680065	0
52.598204028	0
52.5982400495	0
52.6843650698	0
52.6844011799	0
52.68443729	0
52.6844734001	0
52.6845095103	386.053161621
52.6845456205	663.028381348
52.6845817307	813.01940918
52.684617841	771.110473633
52.6846539513	589.61151123
52.6846900616	381.604675293
52.684726172	0
52.6847622824	0
52.6847983929	0
52.6848345034	0
53.0675114799	0
53.0675479846	0
53.0675844893	0
53.0676209941	0
53.0676574989	296.430175781
53.0676940037	585.805664063
53.0677305086	702.106018066
53.0677670135	536.121887207
53.0678035184	162.290618896
53.0678400234	0
53.0678765284	0
53.0679130335	0
53.0679495386	0
53.5488630802	0
53.5489000827	0
53.5489370852	0
53.5489740878	0
53.5490110904	470.113952637
53.549048093	660.284912109
53.5490850957	712.901123047
53.5491220984	585.087280273
53.5491591012	320.603942871
53.549196104	0
53.5492331068	0
53.5492701096	0
53.5493071125	0
53.5969987101	0
53.5970357625	0
53.5970728149	0
53.5971098674	0
53.5971469199	492.314453125
53.5971839724	703.472351074
53.597221025	796.711914063
53.5972580776	593.793334961
53.5972951303	183.757171631
53.597332183	0
53.5973692357	0
53.5974062885	0
53.5974433413	0
53.6695095794	0
53.669546707	0
53.6695838346	0
53.6696209623	0
53.66965809	404.54876709
53.6696952178	700.225158691
53.6697323456	765.389770508
53.6697694734	557.808837891
53.6698066013	233.050079346
53.6698437292	0
53.6698808572	0
53.6699179851	0
53.6699551132	0
53.6768244611	0
53.6768615963	0
53.6768987316	0
53.6769358668	0
53.6769730021	483.005615234
53.6770101375	622.021728516
53.6770472729	633.685913086
53.6770844083	566.114257813
53.6771215438	473.657775879
53.6771586793	0
53.6771958148	0
53.6772329504	0
53.677270086	0
53.6924246342	0
53.6924617856	0
53.692498937	0
53.6925360885	0
53.69257324	434.454101563
53.6926103915	530.883483887
53.6926475431	587.05090332
53.6926846947	542.457336426
53.6927218463	397.153625488
53.692758998	0
53.6927961498	0
53.6928333015	0
53.6928704533	0
53.9092630055	0
53.9093003821	0
53.9093377588	0
53.9093751356	0
53.9094125124	432.449707031
53.9094498892	518.128662109
53.909487266	530.505859375
53.9095246429	533.691650391
53.9095620199	471.806335449
53.9095993969	0
53.9096367739	0
53.9096741509	0
53.909711528	0
54.0222055059	0
54.0222430001	0
54.0222804943	0
54.0223179886	0
54.0223554829	404.01965332
54.0223929773	552.33972168
54.0224304716	627.386108398
54.0224679661	559.397460938
54.0225054605	334.908630371
54.022542955	0
54.0225804496	0
54.0226179441	0
54.0226554388	0
54.082396402	0
54.0824339588	0
54.0824715158	0
54.0825090727	0
54.0825466297	269.08215332
54.0825841867	516.120117188
54.0826217438	632.192810059
54.0826593009	569.59753418
54.082696858	372.79675293
54.0827344152	0
54.0827719724	0
54.0828095297	0
54.082847087	0
54.1882364681	0
54.1882741352	0
54.1883118024	0
54.1883494697	0
54.188387137	438.155517578
54.1884248043	570.364868164
54.1884624717	629.911987305
54.1885001391	590.631164551
54.1885378065	458.408081055
54.188575474	0
54.1886131415	0
54.1886508091	0
54.1886884767	0
54.2371615352	0
54.2371992534	0
54.2372369716	0
54.2372746899	0
54.2373124082	443.08416748
54.2373501265	946.410400391
54.2373878449	1117.0378418
54.2374255634	890.987182617
54.2374632818	491.341369629
54.2375010003	0
54.2375387189	0
54.2375764375	0
54.2376141561	0
54.3812295984	0
54.381267467	0
54.3813053356	0
54.3813432042	0
54.3813810729	432.115966797
54.3814189417	630.118225098
54.3814568104	688.629089355
54.3814946793	611.772155762
54.3815325481	500.320556641
54.381570417	0
54.381608286	0
54.3816461549	0
54.3816840239	0
54.5291422933	0
54.5291803164	0
54.5292183397	0
54.5292563629	0
54.5292943862	376.713256836
54.5293324096	583.813476563
54.529370433	672.546142578
54.5294084564	627.163635254
54.5294464798	501.871887207
54.5294845033	0
54.5295225269	0
54.5295605505	0
54.5295985741	0
55.3098676397	0
55.3099064824	0
55.3099453251	0
55.3099841679	0
55.3100230107	330.460021973
55.3100618536	580.483886719
55.3101006965	625.395507813
55.3101395395	530.69354248
55.3101783824	372.474609375
55.3102172255	0
55.3102560685	0
55.3102949116	0
55.3103337548	0
55.3396331401	0
55.3396720142	0
55.3397108883	0
55.3397497624	0
55.3397886366	323.338256836
55.3398275108	548.818054199
55.3398663851	631.541442871
55.3399052594	554.67956543
55.3399441337	460.857910156
55.3399830081	0
55.3400218825	0
55.340060757	0
55.3400996315	0
55.4304378671	0
55.4304768369	0
55.4305158067	0
55.4305547766	0
55.4305937465	511.730529785
55.4306327164	658.543945313
55.4306716864	775.356079102
55.4307106564	774.597167969
55.4307496265	613.949035645
55.4307885966	277.338989258
55.4308275667	0
55.4308665369	0
55.4309055072	0
55.4309444774	0
55.4394019985	0
55.4394409777	0
55.439479957	0
55.4395189363	0
55.4395579157	328.996337891
55.4395968951	621.68347168
55.4396358745	700.004089355
55.439674854	599.497497559
55.4397138335	447.498413086
55.4397528131	0
55.4397917927	0
55.4398307723	0
55.439869752	0
56.0764197813	0
56.0764594343	0
56.0764990873	0
56.0765387404	0
56.0765783935	302.164672852
56.0766180467	604.270629883
56.0766576999	741.616394043
56.0766973531	689.407226563
56.0767370064	558.497253418
56.0767766597	470.10168457
56.0768163131	0
56.0768559665	0
56.0768956199	0
56.0769352734	0
56.2029281223	0
56.2029679095	0
56.2030076968	0
56.2030474842	0
56.2030872715	404.461853027
56.203127059	593.801696777
56.2031668464	683.959533691
56.2032066339	653.971740723
56.2032464215	507.004699707
56.203286209	0
56.2033259967	0
56.2033657843	0
56.203405572	0
56.3324600762	0
56.3325000011	0
56.332539926	0
56.332579851	0
56.332619776	442.666931152
56.332659701	547.284423828
56.3326996261	614.299987793
56.3327395512	549.418334961
56.3327794764	314.357666016
56.3328194016	0
56.3328593269	0
56.3328992522	0
56.3329391775	0
56.3471952368	0
56.3472351773	0
56.3472751179	0
56.3473150585	0
56.3473549992	369.14239502
56.3473949399	630.796325684
56.3474348806	749.616210938
56.3474748214	656.280090332
56.3475147623	426.79473877
56.3475547031	0
56.3475946441	0
56.347634585	0
56.347674526	0
57.1749455338	0
57.1749863577	0
57.1750271816	0
57.1750680055	0
57.1751088295	352.425476074
57.1751496536	542.27734375
57.1751904776	631.973083496
57.1752313018	602.11517334
57.1752721259	462.216552734
57.1753129502	0
57.1753537744	0
57.1753945987	0
57.1754354231	0
57.3260066618	0
57.3260476475	0
57.3260886333	0
57.3261296192	0
57.3261706051	438.335998535
57.326211591	580.141052246
57.326252577	637.399719238
57.326293563	703.128234863
57.3263345491	717.639770508
57.3263755352	577.279663086
57.3264165213	343.578857422
57.3264575075	0
57.3264984938	0
57.3265394801	0
57.3265804664	0
57.3280969916	0
57.3281379796	0
57.3281789676	0
57.3282199557	0
57.3282609439	422.003356934
57.328301932	903.481079102
57.3283429203	1205.98120117
57.3283839085	1223.30371094
57.3284248968	1060.19006348
57.3284658852	836.505249023
57.3285068736	640.338745117
57.328547862	670.116943359
57.3285888505	789.591796875
57.3286298391	727.375671387
57.3286708276	552.329162598
57.3287118163	193.781921387
57.3287528049	87.9733276367
57.3287937936	704.969360352
57.3288347824	1061.52368164
57.3288757712	1187.56945801
57.32891676	1247.17773438
57.3289577489	1099.85253906
57.3289987378	566.491027832
57.3290397268	217.549621582
57.3290807158	627.807922363
57.3291217048	812.585693359
57.329162694	780.52746582
57.3292036831	761.92578125
57.3292446723	817.854858398
57.3292856615	732.751342773
57.3293266508	429.586730957
57.3293676401	0
57.3294086295	0
57.3294496189	0
57.3294906083	0
57.3295315978	0
57.3295725874	0
57.329613577	399.414672852
57.3296545666	585.626831055
57.3296955563	658.149047852
57.329736546	687.755493164
57.3297775357	554.876464844
57.3298185256	194.552246094
57.3298595154	0
57.3299005053	0
57.3299414952	0
57.3299824852	0
57.3305973402	0
57.3306383309	0
57.3306793216	0
57.3307203124	0
57.3307613032	207.071533203
57.3308022941	710.538146973
57.330843285	861.403686523
57.3308842759	565.100097656
57.3309252669	145.195007324
57.3309662579	0
57.331007249	0
57.3310482401	0
57.3310892313	0
57.3312531964	0
57.3312941878	0
57.3313351792	0
57.3313761707	0
57.3314171622	309.555297852
57.3314581538	877.537719727
57.3314991454	1295.68041992
57.3315401371	1396.49719238
57.3315811288	1230.63806152
57.3316221205	1074.8223877
57.3316631123	1147.43444824
57.3317041041	1255.03259277
57.331745096	1189.63122559
57.3317860879	960.411987305
57.3318270798	639.258911133
57.3318680719	338.88458252
57.3319090639	0
57.331950056	0
57.3319910481	0
57.3320320403	0
57.3321550171	0
57.3321960095	0
57.3322370019	0
57.3322779943	0
57.3323189868	441.23626709
57.3323599793	886.332519531
57.3324009719	927.385986328
57.3324419645	921.038452148
57.3324829572	1089.31469727
57.3325239499	1116.55627441
57.3325649426	881.115722656
57.3326059354	593.178466797
57.3326469283	466.571960449
57.3326879211	534.910644531
57.3327289141	654.886047363
57.332769907	603.686157227
57.3328109001	373.291687012
57.3328518931	0
57.3328928862	0
57.3329338794	0
57.3329748725	0
57.3331798392	0
57.3332208326	0
57.3332618261	0
57.3333028197	0
57.3333438132	490.067810059
57.3333848069	624.977539063
57.3334258005	726.928039551
57.3334667943	699.4453125
57.333507788	522.67175293
57.3335487818	0
57.3335897757	0
57.3336307696	0
57.3336717635	0
57.3410103867	0
57.3410513885	0
57.3410923904	0
57.3411333924	0
57.3411743943	434.103027344
57.3412153964	625.188354492
57.3412563984	687.499755859
57.3412974006	545.265258789
57.3413384027	277.108825684
57.3413794049	0
57.3414204072	0
57.3414614095	0
57.3415024118	0
57.355281687	0
57.3553227042	0
57.3553637214	0
57.3554047387	0
57.355445756	502.946166992
57.3554867733	635.16998291
57.3555277907	781.314575195
57.3555688081	799.185180664
57.3556098256	691.409423828
57.3556508431	610.065185547
57.3556918606	549.719421387
57.3557328782	360.126342773
57.3557738959	0
57.3558149136	0
57.3558559313	0
57.3558969491	0
57.3574146377	0
57.3574556572	0
57.3574966767	0
57.3575376962	0
57.3575787158	448.345214844
57.3576197354	539.587585449
57.3576607551	593.822631836
57.3577017748	559.622375488
57.3577427946	461.495483398
57.3577838144	0
57.3578248342	0
57.3578658541	0
57.357906874	0
57.3587683028	0
57.3588093237	0
57.3588503446	0
57.3588913656	0
57.3589323866	480.725524902
57.3589734077	563.953186035
57.3590144288	580.500305176
57.35905545	553.595458984
57.3590964712	467.89855957
57.3591374925	0
57.3591785138	0
57.3592195351	0
57.3592605565	0
57.4164871826	0
57.4165282655	0
57.4165693483	0
57.4166104313	0
57.4166515142	423.172607422
57.4166925972	550.791442871
57.4167336803	610.59942627
57.4167747634	549.060852051
57.4168158465	376.572753906
57.4168569297	0
57.4168980129	0
57.4169390962	0
57.4169801795	0
57.4337047521	0
57.4337458534	0
57.4337869548	0
57.4338280562	0
57.4338691576	451.900146484
57.4339102591	536.230529785
57.4339513607	568.328430176
57.4339924622	541.037109375
57.4340335639	422.149291992
57.4340746655	0
57.4341157672	0
57.434156869	0
57.4341979708	0
57.6756488699	0
57.6756902312	0
57.6757315925	0
57.6757729539	0
57.6758143154	387.447570801
57.6758556768	562.40234375
57.6758970384	621.690246582
57.6759383999	583.633056641
57.6759797615	465.096801758
57.6760211232	0
57.6760624849	0
57.6761038466	0
57.6761452084	0
57.955229441	0
57.9552711034	0
57.9553127659	0
57.9553544284	0
57.9553960909	444.021850586
57.9554377535	702.819519043
57.9554794161	754.267211914
57.9555210788	540.123657227
57.9555627415	230.434112549
57.9556044043	0
57.9556460671	0
57.95568773	0
57.9557293929	0
58.0003761684	0
58.0004178795	0
58.0004595907	0
58.0005013019	0
58.0005430131	263.374023438
58.0005847244	601.659362793
58.0006264357	747.544067383
58.0006681471	611.628356934
58.0007098585	328.512634277
58.00075157	0
58.0007932815	0
58.0008349931	0
58.0008767047	0
58.0592335501	0
58.0592753247	0
58.0593170994	0
58.0593588741	0
58.0594006488	290.97253418
58.0594424236	721.485961914
58.0594841985	756.551635742
58.0595259733	575.375305176
58.0595677483	289.032043457
58.0596095232	0
58.0596512983	0
58.0596930733	0
58.0597348484	0
58.0601943776	0
58.0602361532	0
58.0602779289	0
58.0603197047	0
58.0603614804	136.449768066
58.0604032563	654.30645752
58.0604450321	1094.8248291
58.0604868081	559.762817383
58.060528584	272.898010254
58.06057036	0
58.0606121361	0
58.0606539122	187.681732178
58.0606956883	978.692016602
58.0607374645	1324.05712891
58.0607792408	990.954711914
58.060821017	88.740020752
58.0608627934	0
58.0609045697	0
58.0609463461	0
58.0609881226	258.075561523
58.0610298991	857.211181641
58.0610716757	935.416625977
58.0611134522	753.180175781
58.0611552289	268.248901367
58.0611970056	0
58.0612387823	0
58.0612805591	0
58.0613223359	948.674926758
58.0613641128	1746.74243164
58.0614058897	1047.78564453
58.0614476666	0
58.0614894436	0
58.0615312207	0
58.0615729978	1103.87573242
58.0616147749	1540.55322266
58.0616565521	970.266723633
58.0616983293	737.342773438
58.0617401066	247.861999512
58.0617818839	1077.79919434
58.0618236613	2182.99511719
58.0618654387	1667.30639648
58.0619072161	0
58.0619489936	697.163391113
58.0619907711	1343.24963379
58.0620325487	1424.22094727
58.0620743264	123.445831299
58.062116104	0
58.0621578818	0
58.0621996595	0
58.0622414373	0
58.0622832152	0
58.0623249931	220.471130371
58.0623667711	946.036010742
58.062408549	1714.31787109
58.0624503271	1168.31726074
58.0624921052	153.67565918
58.0625338833	879.164428711
58.0625756615	1105.90380859
58.0626174397	880.855102539
58.0626592179	1256.4543457
58.0627009963	665.608764648
58.0627427746	931.809448242
58.062784553	1964.68273926
58.0628263314	1627.33862305
58.0628681099	1123.24890137
58.0629098885	1602.18469238
58.062951667	1618.68908691
58.0629934457	1154.84912109
58.0630352243	2649.38232422
58.0630770031	2547.06542969
58.0631187818	134.65435791
58.0631605606	2224.96777344
58.0632023395	2724.25292969
58.0632441184	1607.21911621
58.0632858973	84.4441833496
58.0633276763	2131.73730469
58.0633694553	2727.05126953
58.0634112344	1347.0567627
58.0634530135	772.092895508
58.0634947927	1808.1854248
58.0635365719	3630.09082031
58.0635783511	3641.10693359
58.0636201304	1689.10522461
58.0636619098	1570.97241211
58.0637036892	2490.18457031
58.0637454686	8676.08203125
58.0637872481	11264.9355469
58.0638290276	10901.8945313
58.0638708072	13014.6513672
58.0639125868	13008.5019531
58.0639543665	5579.55957031
58.0639961462	3549.65185547
58.0640379259	8066.81689453
58.0640797057	7495.65966797
58.0641214856	5059.03466797
58.0641632654	5803.60888672
58.0642050454	2367.78466797
58.0642468253	16931.5234375
58.0642886054	34317.421875
58.0643303854	56869.8046875
58.0643721655	287416.25
58.0644139457	701617.5625
58.0644557259	1164907.25
58.0644975062	1569472
58.0645392864	1816935.875
58.0645810668	1733131.875
58.0646228472	1269343.125
58.0646646276	658469.875
58.0647064081	208611.21875
58.0647481886	25883.15625
58.0647899691	16364.5859375
58.0648317498	14556.0019531
58.0648735304	12804.0078125
58.0649153111	5610.57177734
58.0649570918	2803.20849609
58.0649988726	6252.39404297
58.0650406535	11156.8789063
58.0650824343	8226.51660156
58.0651242153	1358.97045898
58.0651659962	3476.25585938
58.0652077773	4455.76025391
58.0652495583	6992.97119141
58.0652913394	7651.97412109
58.0653331206	2334.62890625
58.0653749018	3011.91943359
58.065416683	2820.79150391
58.0654584643	306.544311523
58.0655002456	1785.3157959
58.065542027	2997.49511719
58.0655838084	1561.01037598
58.0656255899	2044.3807373
58.0656673714	1503.60913086
58.0657091529	1592.80639648
58.0657509345	2814.71728516
58.0657927162	2530.66748047
58.0658344979	724.274719238
58.0658762796	1555.06555176
58.0659180614	1820.23498535
58.0659598432	857.616455078
58.0660016251	958.631958008
58.066043407	1704.62731934
58.066085189	657.957641602
58.066126971	2075.84326172
58.066168753	1701.23632813
58.0662105351	554.051818848
58.0662523173	1109.76049805
58.0662940994	1078.92736816
58.0663358817	229.640472412
58.0663776639	1410.11132813
58.0664194463	1516.83776855
58.0664612286	1403.02380371
58.066503011	1085.21203613
58.0665447935	382.16619873
58.066586576	902.993896484
58.0666283586	1736.18762207
58.0666701411	681.781311035
58.0667119238	401.241027832
58.0667537065	354.220947266
58.0667954892	943.427368164
58.066837272	676.478149414
58.0668790548	764.15625
58.0669208376	1113.67919922
58.0669626206	673.912414551
58.0670044035	664.430419922
58.0670461865	537.14654541
58.0670879695	499.121398926
58.0671297526	0
58.0671715358	0
58.0672133189	0
58.0672551022	0
58.5250896999	0
58.5251319783	0
58.5251742567	0
58.5252165352	0
58.5252588137	384.832214355
58.5253010923	645.307800293
58.525343371	795.212158203
58.5253856496	707.1796875
58.5254279284	555.715270996
58.5254702071	428.068664551
58.525512486	0
58.5255547648	0
58.5255970437	0
58.5256393227	0
58.5609159294	0
58.5609582467	0
58.5610005639	0
58.5610428813	0
58.5610851986	411.43572998
58.5611275161	627.42755127
58.5611698335	666.604125977
58.561212151	540.130065918
58.5612544686	309.409729004
58.5612967862	0
58.5613391038	0
58.5613814215	0
58.5614237393	0
58.7889075439	0
58.7889501085	0
58.7889926732	0
58.7890352379	0
58.7890778026	513.85546875
58.7891203674	792.270996094
58.7891629322	987.945678711
58.7892054971	969.546142578
58.789248062	727.276000977
58.789290627	380.539916992
58.789333192	0
58.7893757571	0
58.7894183222	0
58.7894608873	0
58.9087821449	0
58.9088248398	0
58.9088675347	0
58.9089102296	0
58.9089529246	456.742370605
58.9089956197	571.282104492
58.9090383147	598.209960938
58.9090810099	575.05255127
58.909123705	461.338012695
58.9091664003	0
58.9092090955	0
58.9092517909	0
58.9092944862	0
58.9151441899	0
58.9151868917	0
58.9152295935	0
58.9152722954	0
58.9153149973	387.281616211
58.9153576992	578.33416748
58.9154004012	641.679382324
58.9154431033	581.881896973
58.9154858054	404.444519043
58.9155285075	0
58.9155712097	0
58.9156139119	0
58.9156566142	0
59.061241815	0
59.0612846757	0
59.0613275364	0
59.0613703972	0
59.0614132581	434.398376465
59.061456119	754.390991211
59.0614989799	889.551269531
59.0615418409	1010.87268066
59.0615847019	813.442260742
59.061627563	244.489746094
59.0616704241	0
59.0617132853	0
59.0617561465	0
59.0617990078	0
59.0674142371	0
59.0674571045	0
59.067499972	0
59.0675428395	0
59.067585707	0
59.0676285747	1247.37390137
59.0676714423	1902.28039551
59.06771431	3091.46435547
59.0677571778	7264.01318359
59.0678000456	10430.1210938
59.0678429134	14816.5644531
59.0678857813	20834.0097656
59.0679286492	21512.5351563
59.0679715172	14926.2919922
59.0680143853	6413.32568359
59.0680572533	1731.79272461
59.0681001215	740.456298828
59.0681429896	687.048400879
59.0681858579	765.709350586
59.0682287261	598.734985352
59.0682715944	63.4042358398
59.0683144628	0
59.0683573312	0
59.0684001997	0
59.0684430682	0
59.3265398066	0
59.3265829564	0
59.3266261063	0
59.3266692562	0
59.3267124062	492.969665527
59.3267555562	698.24798584
59.3267987062	718.331237793
59.3268418563	571.11895752
59.3268850065	384.475280762
59.3269281567	0
59.3269713069	0
59.3270144572	0
59.3270576076	0
59.3847053181	0
59.3847485313	0
59.3847917447	0
59.3848349581	0
59.3848781715	419.771118164
59.384921385	593.300109863
59.3849645985	618.681213379
59.3850078121	542.050170898
59.3850510257	409.735229492
59.3850942394	0
59.3851374531	0
59.3851806669	0
59.3852238807	0
59.3874278477	0
59.3874710639	0
59.3875142803	0
59.3875574966	0
59.387600713	353.789672852
59.3876439295	629.503967285
59.387687146	779.551635742
59.3877303625	682.925537109
59.3877735791	464.245605469
59.3878167958	0
59.3878600125	0
59.3879032292	0
59.387946446	0
59.5250510132	0
59.5250943798	0
59.5251377464	0
59.5251811131	0
59.5252244798	452.721252441
59.5252678465	637.26776123
59.5253112133	730.947753906
59.5253545802	712.032897949
59.5253979471	642.657104492
59.5254413141	519.14855957
59.5254846811	0
59.5255280481	0
59.5255714152	0
59.5256147824	0
59.8263297765	0
59.8263734728	0
59.826417169	0
59.8264608654	0
59.8265045617	475.984130859
59.8265482582	625.247802734
59.8265919546	658.132507324
59.8266356512	544.405029297
59.8266793477	325.70513916
59.8267230443	0
59.826766741	0
59.8268104377	0
59.8268541345	0
59.9437830611	0
59.9438268861	0
59.9438707111	0
59.9439145361	0
59.9439583613	384.416320801
59.9440021864	574.237060547
59.9440460116	669.79296875
59.9440898369	591.25604248
59.9441336622	396.31628418
59.9441774876	0
59.944221313	0
59.9442651384	0
59.944308964	0
59.9607907605	0
59.9608346041	0
59.9608784478	0
59.9609222915	0
59.9609661353	132.02645874
59.9610099791	548.576782227
59.961053823	803.41394043
59.9610976669	741.489440918
59.9611415109	425.861938477
59.9611853549	0
59.961229199	0
59.9612730431	0
59.9613168872	0
60.0184427972	0
60.0184867041	0
60.018530611	0
60.018574518	0
60.018618425	507.432739258
60.0186623321	563.953857422
60.0187062392	582.89050293
60.0187501464	562.95703125
60.0187940536	445.027770996
60.0188379609	0
60.0188818682	0
60.0189257755	0
60.0189696829	0
60.25487494	0
60.2549191066	0
60.2549632732	0
60.2550074399	0
60.2550516066	526.887939453
60.2550957734	605.828369141
60.2551399402	661.005126953
60.2551841071	602.100830078
60.255228274	394.925537109
60.255272441	0
60.255316608	0
60.255360775	0
60.2554049422	0
60.2731640553	0
60.273208242	0
60.2732524287	0
60.2732966155	0
60.2733408023	418.235473633
60.2733849892	574.28515625
60.2734291761	622.862792969
60.2734733631	548.304626465
60.2735175501	384.41619873
60.2735617372	0
60.2736059243	0
60.2736501115	0
60.2736942987	0
60.357605016	0
60.3576492956	0
60.3576935752	0
60.3577378549	0
60.3577821346	418.790161133
60.3578264144	572.552429199
60.3578706942	644.160339355
60.3579149741	609.252319336
60.357959254	493.723205566
60.358003534	0
60.358047814	0
60.358092094	0
60.3581363742	0
60.4693443941	0
60.4693887967	0
60.4694331994	0
60.469477602	0
60.4695220048	347.039001465
60.4695664076	547.280944824
60.4696108104	660.827697754
60.4696552133	612.952514648
60.4696996162	430.681518555
60.4697440192	0
60.4697884223	0
60.4698328253	0
60.4698772285	0
61.0864277836	0
61.0864728676	0
61.0865179517	0
61.0865630358	0
61.0866081199	296.264709473
61.0866532041	624.467285156
61.0866982884	744.731323242
61.0867433727	654.517089844
61.0867884571	445.952697754
61.0868335415	0
61.0868786259	0
61.0869237105	0
61.086968795	0
61.1745269031	0
61.1745720847	0
61.1746172663	0
61.174662448	0
61.1747076297	523.190246582
61.1747528115	630.789611816
61.1747979933	636.941040039
61.1748431752	563.99432373
61.1748883571	472.386535645
61.1749335391	0
61.1749787211	0
61.1750239032	0
61.1750690853	0
61.5235953799	0
61.5236409488	0
61.5236865177	0
61.5237320866	0
61.5237776556	347.308776855
61.5238232247	586.748657227
61.5238687938	759.524780273
61.5239143629	805.372436523
61.5239599321	731.524230957
61.5240055014	562.986022949
61.5240510707	359.864074707
61.52409664	0
61.5241422094	0
61.5241877789	0
61.5242333484	0
61.5253726024	0
61.5254181732	0
61.5254637441	0
61.525509315	0
61.525554886	363.83605957
61.525600457	629.287231445
61.5256460281	702.133056641
61.5256915992	674.526489258
61.5257371704	656.446838379
61.5257827416	605.55279541
61.5258283129	391.457214355
61.5258738842	0
61.5259194556	0
61.525965027	0
61.5260105985	365.546691895
61.52605617	709.55279541
61.5261017416	972.102416992
61.5261473132	952.042236328
61.5261928849	575.00567627
61.5262384566	9.74203491211
61.5262840284	0
61.5263296002	326.777709961
61.5263751721	635.391052246
61.526420744	814.018310547
61.526466316	789.905029297
61.526511888	630.761413574
61.5265574601	372.22076416
61.5266030323	0
61.5266486045	0
61.5266941767	0
61.526739749	0
61.5273777663	0
61.5274233394	0
61.5274689125	0
61.5275144856	0
61.5275600588	419.988098145
61.5276056321	571.090209961
61.5276512054	657.057128906
61.5276967787	669.047546387
61.5277423521	573.692321777
61.5277879256	333.23046875
61.5278334991	0
61.5278790726	0
61.5279246462	0
61.5279702199	0
61.5284259592	0
61.5284715334	0
61.5285171077	0
61.528562682	0
61.5286082563	349.221557617
61.5286538308	623.139953613
61.5286994052	777.862548828
61.5287449797	737.11541748
61.5287905543	572.971313477
61.5288361289	435.080383301
61.5288817036	0
61.5289272783	0
61.5289728531	0
61.5290184279	0
61.5292007277	0
61.5292463028	0
61.5292918779	0
61.529337453	0
61.5293830283	531.945739746
61.5294286035	782.679321289
61.5294741789	897.874755859
61.5295197542	901.96875
61.5295653297	823.654785156
61.5296109052	656.891601563
61.5296564807	400.210266113
61.5297020563	0
61.5297476319	0
61.5297932076	0
61.5298387833	0
61.9093169642	0
61.9093629622	0
61.9094089604	0
61.9094549585	0
61.9095009567	275.053527832
61.909546955	587.940307617
61.9095929533	720.813537598
61.9096389517	633.988342285
61.9096849501	397.582702637
61.9097309485	0
61.9097769471	0
61.9098229456	0
61.9098689442	0
62.5427923882	0
62.5428390941	0
62.5428858	0
62.5429325059	0
62.542979212	377.867431641
62.543025918	572.05657959
62.5430726242	642.115234375
62.5431193303	565.026611328
62.5431660365	375.782592773
62.5432127428	0
62.5432594492	0
62.5433061555	0
62.543352862	0
62.7227168847	0
62.7227637922	0
62.7228106998	0
62.7228576075	0
62.7229045152	436.625
62.722951423	607.896057129
62.7229983308	698.904663086
62.7230452386	615.431335449
62.7230921466	379.133605957
62.7231390545	0
62.7231859625	0
62.7232328706	0
62.7232797788	0
62.8787874241	0
62.8788345068	0
62.8788815896	0
62.8789286725	0
62.8789757554	451.173095703
62.8790228383	710.115905762
62.8790699213	807.067504883
62.8791170044	700.076538086
62.8791640875	492.478210449
62.8792111706	0
62.8792582538	0
62.8793053371	0
62.8793524204	0
63.0113461432	0
63.0113933749	0
63.0114406067	0
63.0114878385	0
63.0115350704	412.468078613
63.0115823023	577.426330566
63.0116295342	625.363342285
63.0116767663	576.075622559
63.0117239983	445.462402344
63.0117712305	0
63.0118184626	0
63.0118656949	0
63.0119129272	0
63.1921119135	0
63.1921593486	0
63.1922067838	0
63.192254219	0
63.1923016542	456.271789551
63.1923490895	682.210083008
63.1923965249	773.835327148
63.1924439603	673.967102051
63.1924913958	411.857910156
63.1925388313	0
63.1925862668	0
63.1926337025	0
63.1926811382	0
63.308963985	0
63.3090115517	0
63.3090591185	0
63.3091066853	0
63.3091542522	532.409301758
63.3092018192	692.280639648
63.3092493862	690.259521484
63.3092969532	578.370056152
63.3093445203	427.199890137
63.3093920875	0
63.3094396547	0
63.3094872219	0
63.3095347892	0
63.4924938484	0
63.4925416222	0
63.4925893959	0
63.4926371698	0
63.4926849436	493.145568848
63.4927327176	753.72265625
63.4927804916	806.656616211
63.4928282656	578.426879883
63.4928760397	180.435882568
63.4929238138	0
63.492971588	0
63.4930193623	0
63.4930671366	0
63.7851120225	0
63.7851601269	0
63.7852082313	0
63.7852563357	0
63.7853044403	380.72253418
63.7853525448	864.298095703
63.7854006495	1116.8260498
63.7854487542	986.682861328
63.7854968589	632.333557129
63.7855449637	380.008789063
63.7855930685	0
63.7856411735	0
63.7856892784	0
63.7857373834	0
63.786170331	0
63.7862184365	0
63.7862665421	0
63.7863146478	0
63.7863627535	546.67956543
63.7864108593	743.655822754
63.7864589651	850.404174805
63.786507071	849.25
63.786555177	793.141723633
63.7866032829	756.23425293
63.786651389	744.94921875
63.7866994951	707.487182617
63.7867476012	609.387207031
63.7867957075	427.42565918
63.7868438137	0
63.78689192	0
63.7869400264	0
63.7869881328	0
63.796802982	0
63.7968510996	0
63.7968992172	0
63.7969473349	0
63.7969954526	367.104614258
63.7970435705	607.108337402
63.7970916883	686.465026855
63.7971398062	593.118103027
63.7971879242	415.131164551
63.7972360422	0
63.7972841603	0
63.7973322784	0
63.7973803966	0
64.0094835836	0
64.009531942	0
64.0095803005	0
64.009628659	0
64.0096770175	301.120849609
64.0097253762	580.352050781
64.0097737348	729.287109375
64.0098220936	684.304077148
64.0098704523	492.454040527
64.0099188112	0
64.0099671701	0
64.010015529	0
64.010063888	0
64.1642202103	0
64.1642687441	0
64.164317278	0
64.164365812	0
64.164414346	439.217956543
64.1644628801	582.070678711
64.1645114142	714.282592773
64.1645599484	766.894042969
64.1646084827	665.094116211
64.164657017	416.979125977
64.1647055513	0
64.1647540857	0
64.1648026202	0
64.1648511547	0
64.2846563246	0
64.2847049951	0
64.2847536658	0
64.2848023364	0
64.2848510072	320.26763916
64.284899678	578.284301758
64.2849483488	688.409057617
64.2849970197	576.598022461
64.2850456907	351.496520996
64.2850943617	0
64.2851430328	0
64.2851917039	0
64.2852403751	0
64.3299438436	0
64.3299925656	0
64.3300412876	0
64.3300900098	0
64.3301387319	370.102661133
64.3301874542	554.945861816
64.3302361764	685.90447998
64.3302848988	646.489807129
64.3303336212	433.128601074
64.3303823436	0
64.3304310662	0
64.3304797887	0
64.3305285113	0
64.4797815772	0
64.4798304696	0
64.479879362	0
64.4799282544	0
64.4799771469	469.658691406
64.4800260395	637.629455566
64.4800749321	679.333496094
64.4801238247	592.854309082
64.4801727175	436.420593262
64.4802216103	0
64.4802705031	0
64.480319396	0
64.4803682889	0
64.6185169623	0
64.6185660125	0
64.6186150628	0
64.6186641131	0
64.6187131635	334.532287598
64.6187622139	585.098510742
64.6188112644	671.812255859
64.618860315	551.020019531
64.6189093656	309.676879883
64.6189584162	0
64.619007467	0
64.6190565177	0
64.6191055686	0
65.1569470972	0
65.1569967618	0
65.1570464264	0
65.1570960911	0
65.1571457558	507.428527832
65.1571954206	649.924926758
65.1572450854	687.755981445
65.1572947503	590.65045166
65.1573444152	413.136108398
65.1573940802	0
65.1574437453	0
65.1574934104	0
65.1575430756	0
65.3305229926	0
65.3305728557	0
65.3306227189	0
65.3306725822	0
65.3307224455	515.587585449
65.3307723089	785.418212891
65.3308221723	796.364257813
65.3308720358	599.458984375
65.3309218993	346.598388672
65.3309717629	0
65.3310216266	0
65.3310714903	0
65.3311213541	0
65.6269670018	0
65.6270172047	0
65.6270674077	0
65.6271176107	0
65.6271678138	314.465393066
65.627218017	1446.26745605
65.6272682202	2754.2578125
65.6273184234	3371.50439453
65.6273686268	2869.34277344
65.6274188301	1635.16906738
65.6274690336	469.591674805
65.6275192371	0
65.6275694406	0
65.6276196442	0
65.6276698479	0
65.6358036022	0
65.6358538153	0
65.6359040284	0
65.6359542416	0
65.6360044548	465.811218262
65.6360546681	641.170593262
65.6361048814	708.16607666
65.6361550948	630.594604492
65.6362053083	427.590270996
65.6362555218	0
65.6363057354	0
65.636355949	0
65.6364061627	0
66.0010642297	0
66.0011148625	0
66.0011654954	0
66.0012161283	0
66.0012667612	331.400146484
66.0013173943	598.718200684
66.0013680273	774.065917969
66.0014186605	761.316650391
66.0014692937	540.448303223
66.0015199269	0
66.0015705602	0
66.0016211936	0
66.001671827	0
66.2997951228	0
66.2998460997	0
66.2998970767	0
66.2999480538	0
66.2999990309	409.866516113
66.300050008	618.848144531
66.3001009853	675.829833984
66.3001519626	568.348754883
66.3002029399	393.936035156
66.3002539173	0
66.3003048948	0
66.3003558723	0
66.3004068499	0
66.3469228935	0
66.3469739248	0
66.3470249562	0
66.3470759876	0
66.3471270191	499.378417969
66.3471780506	755.850341797
66.3472290822	806.239746094
66.3472801138	611.532226563
66.3473311455	256.238830566
66.3473821773	0
66.3474332091	0
66.347484241	0
66.347535273	0
66.6242768697	0
66.6243282213	0
66.624379573	0
66.6244309248	0
66.6244822766	182.646942139
66.6245336284	603.801635742
66.6245849804	859.794189453
66.6246363323	860.856201172
66.6246876844	688.420043945
66.6247390365	497.993652344
66.6247903886	0
66.6248417409	0
66.6248930931	0
66.6249444455	0
66.9662542629	0
66.9663060104	0
66.9663577579	0
66.9664095056	0
66.9664612532	473.489440918
66.966513001	593.650634766
66.9665647488	656.579528809
66.9666164967	591.131347656
66.9666682446	341.557922363
66.9667199926	0
66.9667717406	0
66.9668234888	0
66.9668752369	0
67.5051752894	0
67.5052276629	0
67.5052800364	0
67.5053324099	0
67.5053847835	454.967834473
67.5054371572	698.225585938
67.505489531	837.577270508
67.5055419047	735.32824707
67.5055942786	401.909973145
67.5056466525	0
67.5056990265	0
67.5057514006	0
67.5058037747	0
67.6239050618	0
67.6239575734	0
67.6240100852	0
67.624062597	0
67.6241151088	529.510986328
67.6241676207	692.375
67.6242201327	740.77520752
67.6242726447	638.005554199
67.6243251568	415.669006348
67.624377669	0
67.6244301812	0
67.6244826935	0
67.6245352058	0
67.7616957645	0
67.7617484367	0
67.761801109	0
67.7618537814	0
67.7619064538	545.871398926
67.7619591263	552.662597656
67.7620117989	571.069580078
67.7620644715	564.299194336
67.7621171442	502.766662598
67.7621698169	0
67.7622224897	0
67.7622751625	0
67.7623278355	0
68.686014873	0
68.6860686266	0
68.6861223804	0
68.6861761341	0
68.686229888	341.924926758
68.6862836419	583.096679688
68.6863373958	676.87512207
68.6863911498	565.477111816
68.6864449039	283.82208252
68.6864986581	0
68.6865524123	0
68.6866061666	0
68.6866599209	0
68.6875199989	0
68.6875737543	0
68.6876275098	0
68.6876812653	0
68.6877350209	337.185852051
68.6877887766	714.265197754
68.6878425323	1103.85900879
68.6878962881	1326.00439453
68.6879500439	1210.93664551
68.6880037999	700.532226563
68.6880575558	6.41333007813
68.6881113119	0
68.688165068	0
68.6882188242	0
68.6882725804	0
68.6898315386	0
68.6898852967	0
68.6899390549	0
68.6899928131	0
68.6900465714	276.437438965
68.6901003298	576.997192383
68.6901540882	710.838684082
68.6902078468	598.627380371
68.6902616053	264.853515625
68.6903153639	0
68.6903691226	0
68.6904228814	0
68.6904766402	0
68.6920894341	0
68.6921431949	0
68.6921969557	0
68.6922507166	0
68.6923044776	473.239929199
68.6923582386	614.358093262
68.6924119997	673.594238281
68.6924657609	602.995300293
68.6925195221	424.477661133
68.6925732834	0
68.6926270447	0
68.6926808061	0
68.6927345676	0
69.1416813188	0
69.1417356083	0
69.1417898978	0
69.1418441874	0
69.141898477	453.063049316
69.1419527667	642.410461426
69.1420070564	691.067199707
69.1420613462	584.45123291
69.1421156361	356.629089355
69.1421699261	0
69.1422242161	0
69.1422785062	0
69.1423327963	0
69.3022771534	0
69.3023316321	0
69.3023861109	0
69.3024405897	0
69.3024950686	427.448852539
69.3025495476	590.986206055
69.3026040266	703.694091797
69.3026585057	714.358642578
69.3027129848	597.100769043
69.302767464	383.770996094
69.3028219433	0
69.3028764226	0
69.302930902	0
69.3029853815	0
69.5116214339	0
69.5116761597	0
69.5117308855	0
69.5117856113	0
69.5118403372	451.177429199
69.5118950632	584.727661133
69.5119497893	684.954711914
69.5120045154	661.830749512
69.5120592416	491.362731934
69.5121139678	0
69.5121686941	0
69.5122234205	0
69.512278147	0
69.6342595822	0
69.6343144528	0
69.6343693235	0
69.6344241943	0
69.6344790651	410.282104492
69.6345339359	582.590515137
69.6345888069	627.475158691
69.6346436779	560.693359375
69.634698549	472.090209961
69.6347534201	0
69.6348082913	0
69.6348631626	0
69.6349180339	0
69.9828940865	0
69.9829493697	0
69.983004653	0
69.9830599363	0
69.9831152197	480.281433105
69.9831705032	616.672119141
69.9832257868	662.810791016
69.9832810704	574.143249512
69.983336354	383.961791992
69.9833916378	0
69.9834469216	0
69.9835022054	0
69.9835574894	0
70.0641758136	0
70.0642311932	0
70.0642865728	0
70.0643419525	0
70.0643973322	274.00604248
70.064452712	1196.48278809
70.0645080919	2128.85107422
70.0645634719	2390.96142578
70.0646188519	2111.85986328
70.064674232	2347.34472656
70.0647296121	2636.17919922
70.0647849923	1949.7623291
70.0648403726	583.862731934
70.0648957529	185.987792969
70.0649511333	0
70.0650065138	0
70.0650618943	0
70.0651172749	0
70.1766206478	0
70.1766761607	0
70.1767316737	0
70.1767871868	0
70.1768426999	484.346740723
70.1768982131	725.208374023
70.1769537264	781.912353516
70.1770092397	666.690673828
70.1770647531	444.105224609
70.1771202665	0
70.17717578	0
70.1772312936	0
70.1772868073	0
70.2628560506	0
70.2629116658	0
70.2629672812	0
70.2630228966	0
70.2630785121	475.917541504
70.2631341276	583.007446289
70.2631897432	616.957824707
70.2632453589	563.912536621
70.2633009746	443.794189453
70.2633565905	0
70.2634122063	0
70.2634678223	0
70.2635234383	0
70.4349670974	0
70.4350229172	0
70.435078737	0
70.4351345569	0
70.4351903769	390.261291504
70.4352461969	561.120483398
70.435302017	627.650085449
70.4353578371	563.049865723
70.4354136573	370.954345703
70.4354694776	0
70.435525298	0
70.4355811184	0
70.4356369389	0
70.5115024287	0
70.5115583395	0
70.5116142503	0
70.5116701612	0
70.5117260722	421.590209961
70.5117819832	597.740722656
70.5118378943	659.80682373
70.5118938054	575.208129883
70.5119497167	404.747253418
70.512005628	0
70.5120615393	0
70.5121174507	0
70.5121733622	0
70.6913190487	0
70.6913751735	0
70.6914312984	0
70.6914874233	0
70.6915435482	336.008666992
70.6915996733	592.637512207
70.6916557984	746.528686523
70.6917119235	710.901550293
70.6917680488	501.360656738
70.6918241741	0
70.6918802994	0
70.6919364249	0
70.6919925504	0
70.8360058384	0
70.8360621356	0
70.8361184328	0
70.8361747301	0
70.8362310275	525.35559082
70.8362873249	718.680053711
70.8363436224	732.536132813
70.83639992	589.550598145
70.8364562176	321.698242188
70.8365125153	0
70.8365688131	0
70.8366251109	0
70.8366814088	0
70.8369628993	0
70.8370191976	0
70.837075496	0
70.8371317945	0
70.837188093	459.062133789
70.8372443915	722.419311523
70.8373006902	843.263305664
70.8373569889	809.702636719
70.8374132877	676.351989746
70.8374695865	528.467956543
70.8375258854	0
70.8375821844	0
70.8376384834	0
70.8376947825	0
71.1343061296	0
71.1343627828	0
71.134419436	0
71.1344760893	0
71.1345327426	334.310668945
71.1345893961	648.667663574
71.1346460495	743.13092041
71.1347027031	556.13104248
71.1347593567	263.768676758
71.1348160104	0
71.1348726642	0
71.134929318	0
71.1349859719	0
71.2308278526	0
71.2308846211	0
71.2309413896	0
71.2309981583	0
71.231054927	197.960021973
71.2311116957	561.76348877
71.2311684646	893.856445313
71.2312252335	963.685546875
71.2312820025	794.464111328
71.2313387715	590.155578613
71.2313955406	555.725524902
71.2314523098	654.751159668
71.231509079	610.811340332
71.2315658483	210.650756836
71.2316226177	0
71.2316793872	565.428100586
71.2317361567	798.076782227
71.2317929263	662.153076172
71.2318496959	378.661987305
71.2319064657	0
71.2319632354	0
71.2320200053	0
71.2320767752	0
71.2338934486	0
71.2339502208	0
71.234006993	0
71.2340637653	0
71.2341205377	510.563354492
71.2341773101	756.033447266
71.2342340826	846.39831543
71.2342908552	776.09765625
71.2343476279	537.880493164
71.2344044006	0
71.2344611733	0
71.2345179462	0
71.2345747191	0
71.2354830949	0
71.235539869	0
71.2355966431	0
71.2356534173	0
71.2357101916	326.761657715
71.2357669659	698.82232666
71.2358237403	926.354614258
71.2358805148	890.251220703
71.2359372893	627.830749512
71.2359940639	275.467590332
71.2360508386	0
71.2361076133	0
71.2361643881	0
71.236221163	0
71.2388328808	0
71.2388896589	0
71.238946437	0
71.2390032152	0
71.2390599935	230.743713379
71.2391167719	699.755371094
71.2391735503	856.688476563
71.2392303287	636.543945313
71.2392871073	201.572113037
71.2393438859	0
71.2394006646	0
71.2394574433	0
71.2395142221	0
71.3534354863	0
71.3534924015	0
71.3535493167	0
71.3536062319	0
71.3536631473	453.768493652
71.3537200627	652.210632324
71.3537769782	771.520507813
71.3538338937	749.101196289
71.3538908093	684.700927734
71.353947725	620.319580078
71.3540046407	491.878051758
71.3540615566	0
71.3541184724	0
71.3541753884	0
71.3542323044	0
71.3578181509	0
71.3578750712	0
71.3579319917	0
71.3579889122	0
71.3580458328	351.664001465
71.3581027534	587.734741211
71.3581596742	735.496948242
71.3582165949	777.655883789
71.3582735158	643.803100586
71.3583304367	335.408996582
71.3583873577	0
71.3584442788	0
71.3585011999	0
71.3585581211	0
71.3586150423	263.685974121
71.3586719637	676.704956055
71.3587288851	841.327270508
71.3587858065	641.141357422
71.3588427281	190.04788208
71.3588996497	0
71.3589565714	0
71.3590134931	0
71.3590704149	0
71.3591273368	0
71.3591842587	0
71.3592411807	0
71.3592981028	529.014343262
71.359355025	809.763549805
71.3594119472	985.958251953
71.3594688695	1008.4362793
71.3595257918	885.869995117
71.3595827142	639.33392334
71.3596396367	276.613525391
71.3596965593	0
71.3597534819	0
71.3598104046	0
71.3598673274	0
71.4962788378	0
71.4963359239	0
71.4963930101	0
71.4964500964	0
71.4965071827	477.223327637
71.4965642691	682.396240234
71.4966213556	763.126831055
71.4966784421	653.910705566
71.4967355287	389.264099121
71.4967926154	0
71.4968497021	0
71.496906789	0
71.4969638758	0
71.5268868079	0
71.5269439307	0
71.5270010535	0
71.5270581764	0
71.5271152994	402.292480469
71.5271724225	664.448486328
71.5272295456	747.552368164
71.5272866688	595.036682129
71.5273437921	286.638793945
71.5274009154	0
71.5274580388	0
71.5275151623	0
71.5275722859	0
71.6606270681	0
71.6606843511	0
71.6607416343	0
71.6607989175	0
71.6608562008	436.197631836
71.6609134841	604.663452148
71.6609707676	684.337463379
71.661028051	621.955810547
71.6610853346	475.701843262
71.6611426182	0
71.6611999019	0
71.6612571857	0
71.6613144695	0
71.694321374	0
71.6943786975	0
71.694436021	0
71.6944933447	0
71.6945506683	422.159545898
71.6946079921	651.085388184
71.6946653159	774.387207031
71.6947226398	702.927307129
71.6947799638	536.290283203
71.6948372878	0
71.6948946119	0
71.6949519361	0
71.6950092603	0
71.9695760982	0
71.9696337521	0
71.9696914061	0
71.9697490601	0
71.9698067143	432.584960938
71.9698643685	577.577514648
71.9699220227	644.416992188
71.9699796771	591.17401123
71.9700373315	430.28704834
71.9700949859	0
71.9701526405	0
71.9702102951	0
71.9702679498	0
72.0792436551	0
72.0793014409	0
72.0793592267	0
72.0794170126	0
72.0794747985	502.309326172
72.0795325846	668.839416504
72.0795903707	709.422546387
72.0796481568	605.67755127
72.0797059431	524.50402832
72.0797637294	0
72.0798215157	0
72.0798793022	0
72.0799370887	0
72.0799948753	0
72.0800526619	457.184143066
72.0801104487	564.944030762
72.0801682355	2111.67333984
72.0802260223	3419.52197266
72.0802838092	3615.80273438
72.0803415962	3478.84960938
72.0803993833	3501.88134766
72.0804571705	2951.34326172
72.0805149577	1768.24719238
72.0805727449	686.890441895
72.0806305323	462.052490234
72.0806883197	0
72.0807461072	0
72.0808038948	0
72.0808616824	0
72.1776377793	0
72.1776956835	0
72.1777535876	0
72.1778114919	0
72.1778693962	433.42199707
72.1779273006	592.133178711
72.1779852051	635.656311035
72.1780431096	554.554992676
72.1781010142	394.976989746
72.1781589189	0
72.1782168236	0
72.1782747284	0
72.1783326333	0
72.5542075226	0
72.5542658804	0
72.5543242384	0
72.5543825964	0
72.5544409544	301.242919922
72.5544993126	559.005065918
72.5545576708	646.436523438
72.5546160291	581.612426758
72.5546743874	425.004272461
72.5547327458	0
72.5547911043	0
72.5548494629	0
72.5549078215	0
72.565413522	0
72.5654718934	0
72.5655302649	0
72.5655886364	0
72.565647008	276.311096191
72.5657053796	555.710754395
72.5657637514	712.391357422
72.5658221232	640.211181641
72.565880495	357.318725586
72.565938867	0
72.565997239	0
72.5660556111	0
72.5661139832	0
72.6124252818	0
72.6124837099	0
72.6125421381	0
72.6126005664	0
72.6126589947	472.525024414
72.6127174231	578.794189453
72.6127758515	660.884643555
72.6128342801	664.803527832
72.6128927087	557.951843262
72.6129511374	359.830444336
72.6130095661	0
72.6130679949	0
72.6131264238	0
72.6131848528	0
72.67843555	0
72.6784940578	0
72.6785525657	0
72.6786110736	0
72.6786695816	204.155975342
72.6787280897	562.028686523
72.6787865979	787.203613281
72.6788451061	765.342773438
72.6789036144	532.814697266
72.6789621227	0
72.6790206312	0
72.6790791397	0
72.6791376483	0
72.7247958681	0
72.7248544319	0
72.7249129957	0
72.7249715596	0
72.7250301237	444.381530762
72.7250886877	668.136108398
72.7251472519	801.014160156
72.7252058161	808.46862793
72.7252643804	703.242736816
72.7253229447	531.220153809
72.7253815092	0
72.7254400737	0
72.7254986382	0
72.7255572029	0
72.975274022	0
72.9753328886	0
72.9753917553	0
72.975450622	0
72.9755094889	509.308227539
72.9755683558	681.540710449
72.9756272227	702.218811035
72.9756860898	559.410461426
72.9757449569	324.197998047
72.9758038241	0
72.9758626913	0
72.9759215586	0
72.975980426	0
73.0587005533	0
73.0587595209	0
73.0588184885	0
73.0588774563	0
73.0589364241	526.66418457
73.0589953919	787.158081055
73.0590543599	732.551513672
73.0591133279	679.896118164
73.059172296	760.338256836
73.0592312641	595.885986328
73.0592902324	207.815856934
73.0593492007	0
73.059408169	0
73.0594671375	0
73.059526106	0
73.0595850746	0
73.0596440432	0
73.0597030119	362.999023438
73.0597619807	789.744995117
73.0598209496	1427.28369141
73.0598799186	1859.66027832
73.0599388876	1658.32580566
73.0599978567	1079.38220215
73.0600568258	637.954528809
73.060115795	398.238708496
73.0601747643	520.97277832
73.0602337337	1100.5592041
73.0602927031	1357.77124023
73.0603516726	1145.49694824
73.0604106422	916.801391602
73.0604696119	910.83190918
73.0605285816	1030.70812988
73.0605875514	777.135620117
73.0606465213	37.3526611328
73.0607054912	0
73.0607644612	0
73.0608234313	0
73.0608824015	0
73.0626515393	0
73.0627105117	0
73.0627694841	0
73.0628284566	0
73.0628874292	69.3968811035
73.0629464018	783.814208984
73.0630053746	1035.04553223
73.0630643474	673.670043945
73.0631233202	0
73.0631822932	734.476379395
73.0632412662	2223.84667969
73.0633002393	3169.09033203
73.0633592124	2685.63085938
73.0634181856	2523.67822266
73.0634771589	3536.78125
73.0635361323	2956.66308594
73.0635951057	862.902832031
73.0636540793	200.956512451
73.0637130528	1471.96911621
73.0637720265	1662.48425293
73.0638310002	932.741333008
73.063889974	695.72064209
73.0639489479	3031.32958984
73.0640079218	7118.70117188
73.0640668958	6594.89794922
73.0641258699	42304.9960938
73.0641848441	142932.4375
73.0642438183	281141.3125
73.0643027926	411401.78125
73.0643617669	488016.875
73.0644207414	472005.15625
73.0644797159	357174.34375
73.0645386905	197098.875
73.0645976651	69723.5
73.0646566399	10508.1640625
73.0647156146	2885.86865234
73.0647745895	3069.00097656
73.0648335645	1455.91137695
73.0648925395	1102.81262207
73.0649515145	673.555664063
73.0650104897	1357.42614746
73.0650694649	1985.4564209
73.0651284402	1872.2232666
73.0651874156	446.208496094
73.065246391	229.650817871
73.0653053665	1287.65795898
73.0653643421	1602.19946289
73.0654233178	1590.81518555
73.0654822935	731.862182617
73.0655412693	144.255584717
73.0656002451	0
73.0656592211	0
73.0657181971	0
73.0657771732	0
73.2454542496	0
73.2455134434	0
73.2455726373	0
73.2456318313	0
73.2456910253	501.408874512
73.2457502194	751.155395508
73.2458094136	826.752563477
73.2458686079	722.40234375
73.2459278022	556.243286133
73.2459869966	397.106689453
73.2460461911	0
73.2461053856	0
73.2461645803	0
73.2462237749	0
73.3417982986	0
73.3418576092	0
73.34191692	0
73.3419762308	0
73.3420355416	411.69152832
73.3420948526	578.922729492
73.3421541636	652.068786621
73.3422134747	569.717163086
73.3422727858	321.515563965
73.3423320971	0
73.3423914084	0
73.3424507198	0
73.3425100312	0
73.8665307932	0
73.8665907415	0
73.8666506899	0
73.8667106384	0
73.8667705869	415.782409668
73.8668305355	706.063232422
73.8668904842	863.998291016
73.8669504329	867.337524414
73.8670103817	725.187927246
73.8670703306	461.257019043
73.8671302796	0
73.8671902287	0
73.8672501778	0
73.867310127	0
74.0551889448	0
74.055249123	0
74.0553093012	0
74.0553694794	0
74.0554296578	478.692810059
74.0554898362	699.121154785
74.0555500147	819.885009766
74.0556101933	856.81262207
74.0556703719	876.12487793
74.0557305506	937.015258789
74.0557907294	908.556152344
74.0558509083	665.076660156
74.0559110872	328.229064941
74.0559712662	0
74.0560314453	0
74.0560916244	0
74.0561518037	0
74.0671056445	0
74.0671658372	0
74.0672260299	0
74.0672862227	0
74.0673464156	285.929138184
74.0674066085	734.56628418
74.0674668015	867.423095703
74.0675269946	1419.83105469
74.0675871878	2741.22021484
74.067647381	3780.67285156
74.0677075743	4306.43212891
74.0677677677	4369.53076172
74.0678279612	3570.01953125
74.0678881547	2109.97753906
74.0679483483	819.299316406
74.068008542	249.729431152
74.0680687357	0
74.0681289296	0
74.0681891235	0
74.0682493174	0
74.1817851901	0
74.1818455226	0
74.1819058552	0
74.1819661879	0
74.1820265206	363.278930664
74.1820868534	786.775878906
74.1821471863	1010.66467285
74.1822075192	982.602172852
74.1822678522	803.070922852
74.1823281853	572.61126709
74.1823885185	304.783447266
74.1824488517	0
74.182509185	0
74.1825695184	0
74.1826298519	0
74.2646910924	0
74.2647515261	0
74.2648119599	0
74.2648723937	0
74.2649328276	520.184814453
74.2649932615	647.168823242
74.2650536956	647.817626953
74.2651141297	622.439575195
74.2651745639	517.106628418
74.2652349981	0
74.2652954325	0
74.2653558669	0
74.2654163014	0
74.5666286105	0
74.5666894131	0
74.5667502158	0
74.5668110185	0
74.5668718214	308.847167969
74.5669326243	618.273681641
74.5669934272	846.406005859
74.5670542303	791.768920898
74.5671150334	488.983154297
74.5671758366	0
74.5672366399	0
74.5672974432	0
74.5673582467	0
74.7058788101	0
74.7059397831	0
74.7060007562	0
74.7060617294	0
74.7061227026	455.27557373
74.7061836759	646.832946777
74.7062446493	726.533630371
74.7063056227	665.137451172
74.7063665962	470.651000977
74.7064275698	0
74.7064885435	0
74.7065495173	0
74.7066104911	0
74.8593398984	0
74.8594010594	0
74.8594622205	0
74.8595233816	0
74.8595845428	516.601745605
74.8596457041	668.235412598
74.8597068654	724.796508789
74.8597680268	622.655822754
74.8598291883	435.135253906
74.8598903499	0
74.8599515116	0
74.8600126733	0
74.8600738351	0
75.0355492281	0
75.0356106052	0
75.0356719823	0
75.0357333595	0
75.0357947368	371.176696777
75.0358561141	623.56439209
75.0359174915	740.297912598
75.035978869	681.753234863
75.0360402466	522.87487793
75.0361016243	0
75.036163002	0
75.0362243798	0
75.0362857577	0
75.0470280463	0
75.0470894374	0
75.0471508286	0
75.0472122199	0
75.0472736113	439.861083984
75.0473350027	664.04309082
75.0473963942	730.64263916
75.0474577858	614.71496582
75.0475191775	366.58404541
75.0475805692	0
75.047641961	0
75.0477033529	0
75.0477647449	0
75.1136202803	0
75.1136817532	0
75.1137432261	0
75.1138046992	0
75.1138661722	531.791503906
75.1139276454	557.440429688
75.1139891187	624.652404785
75.114050592	665.736328125
75.1141120654	555.425231934
75.1141735388	272.617553711
75.1142350124	0
75.114296486	0
75.1143579597	0
75.1144194335	0
75.1811629618	0
75.1812245176	0
75.1812860735	0
75.1813476295	0
75.1814091855	451.058288574
75.1814707416	646.693786621
75.1815322978	707.705505371
75.181593854	615.218688965
75.1816554103	447.179199219
75.1817169667	0
75.1817785232	0
75.1818400798	0
75.1819016364	0
76.1450635376	0
76.145126281	0
76.1451890245	0
76.145251768	0
76.1453145116	525.223571777
76.1453772554	737.092956543
76.1454399991	793.797363281
76.145502743	715.625488281
76.145565487	533.44909668
76.145628231	0
76.1456909751	0
76.1457537192	0
76.1458164635	0
76.3218679117	0
76.3219308737	0
76.3219938359	0
76.3220567981	0
76.3221197604	417.358276367
76.3221827227	690.736755371
76.3222456852	767.365478516
76.3223086477	607.340942383
76.3223716103	311.771789551
76.322434573	0
76.3224975357	0
76.3225604986	0
76.3226234615	0
77.1772151746	0
77.1772791981	0
77.1773432216	0
77.1774072452	0
77.1774712689	381.336364746
77.1775352927	602.27545166
77.1775993165	701.20916748
77.1776633405	626.331176758
77.1777273645	441.066711426
77.1777913886	0
77.1778554127	0
77.177919437	0
77.1779834613	0
77.1789438357	0
77.1790078613	0
77.179071887	0
77.1791359128	0
77.1791999386	546.67010498
77.1792639645	618.682739258
77.1793279905	783.282592773
77.1793920166	872.226806641
77.1794560428	835.682739258
77.179520069	786.483276367
77.1795840953	756.973632813
77.1796481217	619.587219238
77.1797121482	288.732421875
77.1797761747	0
77.1798402014	0
77.1799042281	0
77.1799682549	0
77.1800322818	0
77.1800963087	0
77.1801603357	0
77.1802243629	0
77.18028839	529.511779785
77.1803524173	699.772949219
77.1804164447	786.765014648
77.1804804721	619.689819336
77.1805444996	239.447570801
77.1806085272	0
77.1806725549	0
77.1807365826	0
77.1808006105	0
77.181312836	0
77.1813768645	0
77.1814408931	0
77.1815049219	0
77.1815689506	432.616638184
77.1816329795	723.099914551
77.1816970084	893.585083008
77.1817610375	790.914794922
77.1818250666	444.790588379
77.1818890958	0
77.181953125	0
77.1820171544	0
77.1820811838	0
77.1821452133	248.548217773
77.1822092429	580.587646484
77.1822732725	741.757324219
77.1823373023	651.749267578
77.1824013321	375.281555176
77.182465362	0
77.182529392	0
77.1825934221	0
77.1826574522	0
77.1827214824	0
77.1827855127	0
77.1828495431	323.795349121
77.1829135736	816.518432617
77.1829776041	947.479614258
77.1830416347	650.747192383
77.1831056654	166.433441162
77.1831696962	0
77.1832337271	0
77.183297758	0
77.183361789	0
77.3071544731	0
77.3072186583	0
77.3072828436	0
77.307347029	0
77.3074112144	407.084716797
77.3074754	577.193847656
77.3075395856	652.239135742
77.3076037713	566.83404541
77.307667957	305.311401367
77.3077321429	0
77.3077963288	0
77.3078605148	0
77.3079247009	0
77.5993810029	0
77.5994455523	0
77.5995101019	0
77.5995746516	0
77.5996392013	534.14276123
77.5997037511	651.605102539
77.599768301	779.180908203
77.599832851	826.687866211
77.599897401	716.595397949
77.5999619511	479.240966797
77.6000265013	0
77.6000910516	0
77.600155602	0
77.6002201525	0
77.600284703	0
77.6003492536	0
77.6004138043	0
77.6004783551	259.081787109
77.6005429059	781.42578125
77.6006074569	1060.32202148
77.6006720079	836.990112305
77.600736559	322.622375488
77.6008011102	0
77.6008656614	0
77.6009302128	0
77.6009947642	0
77.6017693875	0
77.60183394	0
77.6018984925	0
77.6019630451	0
77.6020275979	296.05078125
77.6020921506	626.05847168
77.6021567035	957.609619141
77.6022212565	1106.49780273
77.6022858095	898.029907227
77.6023503626	335.586547852
77.6024149158	80.1071777344
77.6024794691	650.963623047
77.6025440224	911.807373047
77.6026085759	740.727783203
77.6026731294	324.521911621
77.602737683	0
77.6028022366	0
77.6028667904	0
77.6029313442	0
77.6029958981	0
77.6030604521	0
77.6031250062	670.239501953
77.6031895604	860.774291992
77.6032541146	645.824829102
77.6033186689	823.368652344
77.6033832233	1045.05175781
77.6034477778	792.13293457
77.6035123324	203.891387939
77.603576887	0
77.6036414417	0
77.6037059965	540.053527832
77.6037705514	781.071899414
77.6038351064	957.645507813
77.6038996614	1040.2487793
77.6039642166	930.421875
77.6040287718	559.936706543
77.604093327	0
77.6041578824	0
77.6042224379	0
77.6042869934	0
77.6044161047	0
77.6044806605	0
77.6045452163	0
77.6046097722	0
77.6046743282	319.318664551
77.6047388843	710.72869873
77.6048034405	817.030029297
77.6048679968	878.369628906
77.6049325531	931.241943359
77.6049971095	782.171875
77.605061666	500.55078125
77.6051262226	0
77.6051907792	538.186462402
77.605255336	877.986450195
77.6053198928	976.769042969
77.6053844497	901.916503906
77.6054490067	792.828125
77.6055135637	503.06854248
77.6055781209	0
77.6056426781	380.156066895
77.6057072354	656.109008789
77.6057717927	696.833312988
77.6058363502	625.704833984
77.6059009078	588.6796875
77.6059654654	492.303161621
77.6060300231	0
77.6060945809	0
77.6061591387	0
77.6062236967	0
77.6064819292	0
77.6065464876	0
77.606611046	0
77.6066756045	0
77.6067401631	302.117614746
77.6068047218	731.953979492
77.6068692805	1169.53442383
77.6069338394	1548.89611816
77.6069983983	1642.10192871
77.6070629573	1327.87329102
77.6071275163	778.387695313
77.6071920755	256.906188965
77.6072566347	0
77.607321194	0
77.6073857534	0
77.6074503129	0
77.6346370094	0
77.6347016029	0
77.6347661965	0
77.6348307901	0
77.6348953838	350.247741699
77.6349599776	579.848327637
77.6350245715	697.198059082
77.6350891655	574.549743652
77.6351537595	262.132507324
77.6352183537	0
77.6352829479	0
77.6353475422	0
77.6354121365	0
77.6387065562	0
77.6387711548	0
77.6388357534	0
77.6389003522	0
77.638964951	522.772155762
77.6390295498	698.290466309
77.6390941488	765.661987305
77.6391587479	633.670532227
77.639223347	375.82824707
77.6392879462	0
77.6393525455	0
77.6394171448	0
77.6394817443	0
78.5734052327	0
78.5734710013	0
78.57353677	0
78.5736025388	0
78.5736683077	407.51550293
78.5737340766	636.596923828
78.5737998456	718.165771484
78.5738656148	606.897583008
78.573931384	360.223754883
78.5739971533	0
78.5740629226	0
78.5741286921	0
78.5741944616	0
79.0016571768	0
79.0017234838	0
79.0017897909	0
79.0018560982	0
79.0019224055	430.023681641
79.0019887128	636.746704102
79.0020550203	683.299743652
79.0021213279	585.029724121
79.0021876355	408.463928223
79.0022539432	0
79.002320251	0
79.0023865589	0
79.0024528669	0
79.0860672721	0
79.0861336855	0
79.0862000989	0
79.0862665124	0
79.086332926	414.89074707
79.0863993397	659.84185791
79.0864657535	754.729492188
79.0865321673	604.375549316
79.0865985812	307.31237793
79.0866649953	0
79.0867314094	0
79.0867978235	0
79.0868642378	0
79.8997455443	0
79.8998129852	0
79.8998804262	0
79.8999478673	0
79.9000153085	502.652587891
79.9000827497	586.060974121
79.9001501911	607.972717285
79.9002176325	566.966125488
79.900285074	448.963928223
79.9003525156	0
79.9004199573	0
79.9004873991	0
79.900554841	0
80.1589428047	0
80.1590105741	0
80.1590783435	0
80.1591461131	0
80.1592138827	386.928894043
80.1592816524	571.38482666
80.1593494222	689.508178711
80.159417192	647.23815918
80.159484962	467.54699707
80.1595527321	0
80.1596205022	0
80.1596882724	0
80.1597560427	0
80.2857539167	0
80.285821847	0
80.2858897773	0
80.2859577077	0
80.2860256382	557.339416504
80.2860935688	645.010559082
80.2861614994	640.354431152
80.2862294302	565.268188477
80.286297361	443.364990234
80.286365292	0
80.286433223	0
80.2865011541	0
80.2865690853	0
80.3605293224	0
80.3605973476	0
80.3606653728	0
80.3607333981	0
80.3608014236	397.368103027
80.3608694491	763.28527832
80.3609374747	844.41003418
80.3610055003	699.339111328
80.3610735261	516.407531738
80.361141552	0
80.3612095779	0
80.3612776039	0
80.36134563	0
80.3632503962	0
80.3633184248	0
80.3633864535	0
80.3634544823	0
80.3635225112	155.022399902
80.3635905402	719.363037109
80.3636585692	1184.76428223
80.3637265984	1253.25598145
80.3637946276	932.843139648
80.3638626569	510.583007813
80.3639306863	0
80.3639987158	0
80.3640667453	0
80.364134775	0
80.3650191683	0
80.3650871992	0
80.3651552301	0
80.3652232612	0
80.3652912923	540.774536133
80.3653593235	810.00012207
80.3654273548	846.487792969
80.3654953862	650.693481445
80.3655634176	458.704284668
80.3656314492	524.030578613
80.3656994808	763.522827148
80.3657675126	980.203125
80.3658355444	1052.29248047
80.3659035763	900.368774414
80.3659716083	570.674926758
80.3660396403	296.908203125
80.3661076725	0
80.3661757047	0
80.3662437371	0
80.3663117695	0
80.5522262635	0
80.5522945322	0
80.552362801	0
80.5524310699	0
80.5524993389	531.695922852
80.5525676079	730.691894531
80.5526358771	740.505065918
80.5527041463	577.096130371
80.5527724156	357.209106445
80.552840685	0
80.5529089545	0
80.5529772241	0
80.5530454938	0
80.8890240575	0
80.8890927548	0
80.8891614522	0
80.8892301497	0
80.8892988473	378.041381836
80.8893675449	604.006103516
80.8894362427	660.897766113
80.8895049405	570.044616699
80.8895736385	429.148498535
80.8896423365	0
80.8897110346	0
80.8897797328	0
80.8898484311	0
81.0204645219	0
81.0205333868	0
81.0206022517	0
81.0206711167	0
81.0207399818	402.406677246
81.020808847	617.05255127
81.0208777122	677.239624023
81.0209465776	578.792419434
81.021015443	417.465881348
81.0210843086	0
81.0211531742	0
81.0212220399	0
81.0212909057	0
81.213976204	0
81.2140453157	0
81.2141144275	0
81.2141835394	0
81.2142526513	501.008666992
81.2143217634	612.135864258
81.2143908755	677.16607666
81.2144599877	704.012634277
81.2145291001	636.277770996
81.2145982125	457.952819824
81.2146673249	0
81.2147364375	0
81.2148055502	0
81.2148746629	0
82.0089512573	0
82.0090213862	0
82.0090915152	0
82.0091616444	0
82.0092317736	377.442565918
82.0093019029	1276.5559082
82.0093720323	2037.20568848
82.0094421617	2080.15185547
82.0095122913	1209.03430176
82.009582421	0
82.0096525507	0
82.0097226806	0
82.0097928105	0
82.0098629405	0
82.3514781035	0
82.3515486722	0
82.3516192411	0
82.35168981	0
82.351760379	367.149719238
82.3518309482	632.774291992
82.3519015174	798.811157227
82.3519720867	798.81237793
82.3520426561	654.105102539
82.3521132256	466.815612793
82.3521837951	0
82.3522543648	0
82.3523249346	0
82.3523955044	0
82.6932439625	0
82.693314971	0
82.6933859796	0
82.6934569883	0
82.6935279971	524.747741699
82.693599006	875.057373047
82.6936700149	1114.21374512
82.693741024	1109.86706543
82.6938120331	874.886230469
82.6938830424	519.762023926
82.6939540517	0
82.6940250612	0
82.6940960707	0
82.6941670803	0
82.7015525795	0
82.7016235987	0
82.701694618	0
82.7017656374	0
82.7018366569	518.192138672
82.7019076765	731.013061523
82.7019786962	843.013183594
82.7020497159	767.794189453
82.7021207358	510.003295898
82.7021917557	0
82.7022627758	0
82.7023337959	0
82.7024048161	0
82.8091805424	0
82.8092517003	0
82.8093228583	0
82.8093940164	0
82.8094651746	412.830200195
82.8095363329	587.301086426
82.8096074912	655.428588867
82.8096786497	604.485229492
82.8097498082	479.559875488
82.8098209668	0
82.8098921256	0
82.8099632844	0
82.8100344433	0
83.5205420808	0
83.5206141576	0
83.5206862344	0
83.5207583114	0
83.5208303884	508.435546875
83.5209024656	723.776428223
83.5209745428	862.900024414
83.5210466202	797.937744141
83.5211186976	500.741088867
83.5211907751	0
83.5212628527	0
83.5213349304	0
83.5214070082	0
83.7384229352	0
83.7384952942	0
83.7385676533	0
83.7386400125	0
83.7387123717	292.141357422
83.7387847311	639.815002441
83.7388570906	946.606933594
83.7389294501	1032.4453125
83.7390018098	891.938720703
83.7390741695	664.682312012
83.7391465294	458.649108887
83.7392188893	0
83.7392912494	0
83.7393636095	0
83.7394359697	0
83.7397254115	0
83.7397977722	0
83.739870133	0
83.7399424939	0
83.7400148548	389.017089844
83.7400872159	613.150085449
83.740159577	740.265625
83.7402319383	731.509155273
83.7403042996	670.97253418
83.7403766611	591.176574707
83.7404490226	485.023620605
83.7405213842	466.815063477
83.740593746	593.786437988
83.7406661078	687.783081055
83.7407384697	673.356567383
83.7408108317	591.214294434
83.7408831938	487.528381348
83.740955556	0
83.7410279182	0
83.7411002806	0
83.7411726431	0
83.7422580914	0
83.7423304554	0
83.7424028194	0
83.7424751836	0
83.7425475478	282.089599609
83.7426199122	675.46484375
83.7426922766	912.007080078
83.7427646412	849.463134766
83.7428370058	501.527648926
83.7429093705	0
83.7429817353	0
83.7430541002	0
83.7431264652	0
83.7434159262	0
83.7434882916	0
83.7435606572	0
83.7436330229	0
83.7437053886	500.858337402
83.7437777545	793.666381836
83.7438501204	927.568481445
83.7439224864	864.027587891
83.7439948526	611.396240234
83.7440672188	235.13293457
83.7441395851	0
83.7442119515	0
83.744284318	0
83.7443566846	0
83.7444290513	0
83.7445014181	0
83.744573785	561.959655762
83.7446461519	836.461547852
83.744718519	1021.3548584
83.7447908862	1008.52514648
83.7448632534	851.872924805
83.7449356208	665.748962402
83.7450079882	615.307678223
83.7450803557	753.933227539
83.7451527234	920.682128906
83.7452250911	909.541259766
83.7452974589	678.213378906
83.7453698268	354.29498291
83.7454421948	0
83.7455145629	0
83.7455869311	0
83.7456592994	0
83.74616588	0
83.7462382491	0
83.7463106182	0
83.7463829874	0
83.7464553567	444.429931641
83.7465277261	717.984436035
83.7466000956	987.957885742
83.7466724652	946.205078125
83.7467448349	553.055603027
83.7468172047	0
83.7468895746	0
83.7469619446	0
83.7470343146	0
83.8914544722	0
83.8915270297	0
83.8915995872	0
83.8916721448	0
83.8917447025	498.301574707
83.8918172604	601.239501953
83.8918898183	627.692810059
83.8919623763	578.393737793
83.8920349344	420.56060791
83.8921074926	0
83.8921800509	0
83.8922526093	0
83.8923251677	0
83.9185975233	0
83.918670116	0
83.9187427087	0
83.9188153016	0
83.9188878945	490.816589355
83.9189604875	609.490783691
83.9190330807	658.840332031
83.9191056739	592.077453613
83.9191782672	447.515869141
83.9192508606	0
83.9193234541	0
83.9193960477	0
83.9194686414	0
84.0796215225	0
84.0796943242	0
84.079767126	0
84.0798399278	0
84.0799127298	484.162780762
84.0799855319	894.655761719
84.0800583341	1037.80322266
84.0801311363	823.666137695
84.0802039387	542.067565918
84.0802767411	1730.07324219
84.0803495437	3826.58544922
84.0804223463	5137.31347656
84.0804951491	4714.03076172
84.0805679519	2927.72314453
84.0806407548	1220.31970215
84.0807135579	1041.38842773
84.080786361	1159.84094238
84.0808591642	916.361816406
84.0809319675	455.650024414
84.0810047709	0
84.0810775744	0
84.081150378	0
84.0812231817	0
84.6236000182	0
84.6236735275	0
84.623747037	0
84.6238205465	0
84.6238940562	350.532958984
84.6239675659	567.077026367
84.6240410758	691.160827637
84.6241145857	686.184265137
84.6241880957	608.890625
84.6242616059	482.260375977
84.6243351161	0
84.6244086264	0
84.6244821368	0
84.6245556473	0
84.6558798372	0
84.6559533887	0
84.6560269402	0
84.6561004918	0
84.6561740435	411.706542969
84.6562475953	585.490478516
84.6563211472	659.538574219
84.6563946992	600.264465332
84.6564682513	409.563110352
84.6565418035	0
84.6566153558	0
84.6566889082	0
84.6567624606	0
84.7456102315	0
84.7456838999	0
84.7457575684	0
84.7458312369	0
84.7459049056	400.957275391
84.7459785744	569.365112305
84.7460522433	640.045715332
84.7461259123	579.401977539
84.7461995813	389.884399414
84.7462732505	0
84.7463469197	0
84.7464205891	0
84.7464942585	0
84.8756369606	0
84.8757107986	0
84.8757846367	0
84.8758584749	0
84.8759323132	449.712341309
84.8760061516	570.06854248
84.8760799901	624.671264648
84.8761538286	569.766052246
84.8762276673	417.974975586
84.8763015061	0
84.876375345	0
84.8764491839	0
84.876523023	0
85.0458675763	0
85.0459416366	0
85.0460156969	0
85.0460897574	0
85.0461638179	437.864196777
85.0462378786	621.698730469
85.0463119393	705.13092041
85.0463860001	620.70501709
85.0464600611	400.742614746
85.0465341221	0
85.0466081832	0
85.0466822444	0
85.0467563058	0
85.117380745	0
85.1174548987	0
85.1175290525	0
85.1176032064	0
85.1176773604	380.674499512
85.1177515145	565.681152344
85.1178256686	647.39276123
85.1178998229	567.402404785
85.1179739773	320.359924316
85.1180481317	0
85.1181222863	0
85.1181964409	0
85.1182705957	0
85.1553601139	0
85.1554343172	0
85.1555085206	0
85.1555827241	0
85.1556569277	513.210327148
85.1557311315	666.628540039
85.1558053353	686.177490234
85.1558795392	618.168395996
85.1559537432	517.438110352
85.1560279473	0
85.1561021515	0
85.1561763558	0
85.1562505602	0
85.3916688151	0
85.3917433275	0
85.39181784	0
85.3918923526	0
85.3919668653	460.847839355
85.3920413781	617.782714844
85.392115891	696.560058594
85.392190404	702.894042969
85.3922649171	613.24609375
85.3923394303	395.151000977
85.3924139436	0
85.392488457	0
85.3925629705	0
85.3926374841	0
85.6603220481	0
85.6603969125	0
85.6604717769	0
85.6605466414	0
85.6606215061	467.94128418
85.6606963708	648.51184082
85.6607712356	671.391479492
85.6608461005	556.43536377
85.6609209655	425.455688477
85.6609958306	0
85.6610706959	0
85.6611455612	0
85.6612204266	0
86.0955123129	0
86.0955877485	0
86.0956631841	0
86.0957386199	0
86.0958140558	554.566772461
86.0958894917	828.983154297
86.0959649278	993.664794922
86.0960403639	1094.29638672
86.0961158002	1687.65979004
86.0961912366	2140.75830078
86.096266673	1859.9654541
86.0963421096	1155.99169922
86.0964175462	565.941650391
86.096492983	135.361175537
86.0965684198	0
86.0966438568	0
86.0967192938	0
86.096794731	0
86.2888769026	0
86.2889525925	0
86.2890282824	0
86.2891039725	0
86.2891796626	485.640869141
86.2892553528	621.649414063
86.2893310432	692.305786133
86.2894067336	691.573669434
86.2894824242	647.862609863
86.2895581148	569.24597168
86.2896338055	404.481445313
86.2897094964	0
86.2897851873	0
86.2898608784	0
86.2899365695	0
86.3584778995	0
86.3585536809	0
86.3586294624	0
86.3587052441	0
86.3587810258	246.051940918
86.3588568077	561.238708496
86.3589325896	713.500854492
86.3590083716	578.579833984
86.3590841538	276.059631348
86.359159936	0
86.3592357183	0
86.3593115008	0
86.3593872833	0
86.5537180601	0
86.5537940987	0
86.5538701374	0
86.5539461762	0
86.554022215	394.440063477
86.554098254	609.876342773
86.5541742931	671.553039551
86.5542503323	592.224243164
86.5543263715	455.359008789
86.5544024109	0
86.5544784504	0
86.55455449	0
86.5546305296	0
87.0830041795	0
87.0830809166	0
87.0831576539	0
87.0832343912	0
87.0833111286	491.803894043
87.0833878661	637.815429688
87.0834646037	743.296264648
87.0835413415	745.277832031
87.0836180793	623.126647949
87.0836948172	385.000488281
87.0837715553	0
87.0838482934	0
87.0839250316	0
87.08400177	0
87.1478832307	0
87.1479600536	0
87.1480368766	0
87.1481136996	0
87.1481905228	438.661621094
87.1482673461	613.906188965
87.1483441695	730.936340332
87.148420993	693.885925293
87.1484978166	475.551879883
87.1485746403	0
87.1486514641	0
87.148728288	0
87.1488051121	0
87.3428789268	0
87.3429560077	0
87.3430330886	0
87.3431101697	0
87.3431872509	361.08392334
87.3432643322	718.945617676
87.3433414136	964.76965332
87.343418495	910.234008789
87.3434955766	569.864379883
87.3435726583	16.9969177246
87.3436497401	150.536956787
87.343726822	605.807067871
87.343803904	726.273193359
87.3438809861	639.922058105
87.3439580683	496.418212891
87.3440351506	0
87.344112233	0
87.3441893155	0
87.3442663981	0
87.3445747296	0
87.3446518127	0
87.3447288959	0
87.3448059792	0
87.3448830627	250.724060059
87.3449601462	725.090698242
87.3450372298	868.721191406
87.3451143136	759.146240234
87.3451913974	656.493774414
87.3452684813	684.49029541
87.3453455654	623.77923584
87.3454226495	284.959655762
87.3454997337	0
87.3455768181	0
87.3456539025	0
87.3457309871	0
87.3458080717	0
87.3458851565	0
87.3459622413	0
87.3460393263	0
87.3461164113	278.854492188
87.3461934965	575.309143066
87.3462705818	815.679199219
87.3463476671	831.765014648
87.3464247526	656.89654541
87.3465018382	403.991027832
87.3465789238	0
87.3466560096	0
87.3467330955	0
87.3468101815	0
87.8954587955	0
87.895536609	0
87.8956144226	0
87.8956922363	0
87.8957700502	360.385803223
87.8958478641	594.199829102
87.8959256781	688.453674316
87.8960034923	639.642089844
87.8960813065	441.594543457
87.8961591208	0
87.8962369353	0
87.8963147498	0
87.8963925645	0
88.0431010484	0
88.0431790581	0
88.0432570678	0
88.0433350777	0
88.0434130876	458.006469727
88.0434910977	704.651489258
88.0435691079	793.332519531
88.0436471182	606.603637695
88.0437251286	277.656005859
88.043803139	0
88.0438811496	0
88.0439591603	0
88.0440371711	0
88.0690839965	0
88.0691620407	0
88.069240085	0
88.0693181294	0
88.0693961739	358.908935547
88.0694742185	566.810913086
88.0695522633	640.72064209
88.0696303081	599.528564453
88.069708353	512.671875
88.069786398	0
88.0698644431	0
88.0699424884	0
88.0700205337	0
88.0747814952	0
88.074859547	0
88.0749375989	0
88.0750156509	0
88.0750937029	307.951477051
88.0751717551	793.342895508
88.0752498074	1448.14746094
88.0753278598	1930.24108887
88.0754059123	1632.53796387
88.0754839649	1196.51208496
88.0755620176	1617.72790527
88.0756400704	1787.69616699
88.0757181233	1539.46289063
88.0757961763	1053.75146484
88.0758742294	365.960021973
88.0759522826	0
88.076030336	0
88.0761083894	0
88.0761864429	0
88.6003809936	0
88.6004597451	0
88.6005384966	0
88.6006172483	0
88.6006960001	305.645141602
88.6007747521	561.666809082
88.6008535041	673.248413086
88.6009322562	642.207275391
88.6010110084	458.013000488
88.6010897607	0
88.6011685132	0
88.6012472657	0
88.6013260183	0
88.6069964844	0
88.6070752447	0
88.6071540051	0
88.6072327656	0
88.6073115263	182.153442383
88.607390287	560.081787109
88.6074690478	738.332946777
88.6075478087	654.83782959
88.6076265698	441.27746582
88.6077053309	0
88.6077840922	0
88.6078628535	0
88.607941615	0
88.849997982	0
88.8500770666	0
88.8501561512	0
88.8502352359	0
88.8503143208	528.393249512
88.8503934057	648.124694824
88.8504724908	674.366394043
88.8505515759	567.552062988
88.8506306612	288.190063477
88.8507097466	0
88.850788832	0
88.8508679176	0
88.8509470033	0
88.8553759702	0
88.8554550619	0
88.8555341537	0
88.8556132456	0
88.8556923377	434.794128418
88.8557714298	647.107116699
88.855850522	656.173034668
88.8559296143	557.633605957
88.8560087068	448.850952148
88.8560877993	0
88.856166892	0
88.8562459848	0
88.8563250776	0
89.2112465232	0
89.2113260905	0
89.2114056579	0
89.2114852255	0
89.2115647931	438.141723633
89.2116443609	964.890625
89.2117239287	1230.97009277
89.2118034967	825.364868164
89.2118830648	0
89.211962633	0
89.2120422012	0
89.2121217696	0
89.2122013381	0
89.2242969881	0
89.2243765729	0
89.2244561578	0
89.2245357428	0
89.2246153279	264.873352051
89.2246949131	563.410766602
89.2247744984	631.045532227
89.2248540839	562.453735352
89.2249336694	468.366149902
89.225013255	0
89.2250928408	0
89.2251724266	0
89.2252520126	0
89.3048912993	0
89.3049709919	0
89.3050506847	0
89.3051303775	0
89.3052100705	398.872680664
89.3052897636	559.572265625
89.3053694568	620.961181641
89.30544915	617.396911621
89.3055288434	591.256347656
89.3056085369	489.970092773
89.3056882305	0
89.3057679242	0
89.3058476181	0
89.305927312	0
89.3981248761	0
89.3982046936	0
89.3982845112	0
89.3983643289	0
89.3984441467	300.924499512
89.3985239646	613.059143066
89.3986037826	740.781066895
89.3986836007	719.633422852
89.3987634189	654.193054199
89.3988432372	517.452270508
89.3989230557	0
89.3990028742	0
89.3990826929	0
89.3991625116	0
89.4188011741	0
89.4188810192	0
89.4189608645	0
89.4190407099	0
89.4191205554	420.871704102
89.419200401	671.71496582
89.4192802467	746.446044922
89.4193600925	665.007446289
89.4194399384	510.738037109
89.4195197844	0
89.4195996306	0
89.4196794768	0
89.4197593231	0
89.7408052898	0
89.7408855667	0
89.7409658436	0
89.7410461207	0
89.7411263979	552.805480957
89.7412066751	845.194824219
89.7412869525	797.09375
89.74136723	643.151733398
89.7414475076	542.058776855
89.7415277853	0
89.7416080631	0
89.7416883411	0
89.7417686191	0
89.9952606345	0
89.995341253	0
89.9954218717	0
89.9955024904	0
89.9955831092	542.069763184
89.9956637282	860.826782227
89.9957443473	589.082946777
89.9958249664	568.021118164
89.9959055857	906.58996582
89.9959862051	450.791931152
89.9960668246	0
89.9961474442	0
89.9962280639	0
89.9963086837	0
89.9973567513	0
89.9974373726	0
89.997517994	0
89.9975986156	0
89.9976792373	108.273254395
89.997759859	640.913574219
89.9978404809	1045.10778809
89.9979211029	671.617431641
89.998001725	133.367492676
89.9980823472	0
89.9981629695	0
89.9982435919	0
89.9983242145	0
90.0013879508	0
90.0014685776	0
90.0015492045	0
90.0016298314	0
90.0017104585	0
90.0017910857	571.379699707
90.001871713	1100.06726074
90.0019523404	762.473510742
90.0020329679	451.339172363
90.0021135955	0
90.0021942233	0
90.0022748511	0
90.002355479	0
90.0040486909	0
90.0041293213	0
90.0042099517	0
90.0042905823	0
90.0043712129	176.921600342
90.0044518437	772.421630859
90.0045324745	1134.5078125
90.0046131055	803.80078125
90.0046937366	254.085998535
90.0047743678	0
90.0048549991	0
90.0049356305	0
90.005016262	0
90.0057419506	0
90.0058225832	0
90.0059032159	0
90.0059838488	0
90.0060644817	244.716308594
90.0061451147	578.335449219
90.0062257479	901.900512695
90.0063063811	931.537353516
90.0063870145	434.796386719
90.006467648	0
90.0065482815	0
90.0066289152	0
90.006709549	0
90.0235643908	0
90.0236450473	0
90.023725704	0
90.0238063607	0
90.0238870176	63.1273803711
90.0239676746	679.87310791
90.0240483317	970.381835938
90.0241289889	673.780761719
90.0242096462	0
90.0242903037	0
90.0243709612	0
90.0244516188	0
90.0245322766	0
90.0272747045	0
90.0273553661	0
90.0274360277	0
90.0275166895	0
90.0275973513	91.4019470215
90.0276780133	566.749206543
90.0277586754	909.085327148
90.0278393376	1057.6673584
90.0279199999	355.138183594
90.0280006623	610.946166992
90.0280813248	1532.90563965
90.0281619874	1386.52746582
90.0282426502	336.57244873
90.028323313	0
90.028403976	0
90.028484639	0
90.0285653022	0
90.0286459655	0
90.0287266289	0
90.0288072924	0
90.028887956	91.304901123
90.0289686197	901.000854492
90.0290492835	1323.78051758
90.0291299474	843.042480469
90.0292106115	0
90.0292912756	0
90.0293719398	0
90.0294526042	0
90.0295332687	0
90.0302592538	0
90.0303399193	0
90.030420585	0
90.0305012508	0
90.0305819166	0
90.0306625826	890.95715332
90.0307432487	1816.61096191
90.0308239149	1480.37316895
90.0309045812	533.613342285
90.0309852477	0
90.0310659142	0
90.0311465808	0
90.0312272476	0
90.0346153488	0
90.0346960202	0
90.0347766917	0
90.0348573634	0
90.0349380351	217.597473145
90.0350187069	856.501220703
90.0350993789	1127.58874512
90.0351800509	573.507019043
90.0352607231	0
90.0353413954	0
90.0354220678	0
90.0355027403	0
90.0355834129	0
90.0404239673	0
90.0405046465	0
90.0405853259	0
90.0406660053	0
90.0407466848	468.179626465
90.0408273645	1438.39282227
90.0409080442	1796.83850098
90.0409887241	698.097473145
90.0410694041	45.3346862793
90.0411500842	0
90.0412307644	0
90.0413114447	0
90.0413921251	0
90.0414728056	0
90.0415534862	742.260070801
90.0416341669	1202.97937012
90.0417148478	782.372924805
90.0417955287	211.088195801
90.0418762098	0
90.041956891	0
90.0420375722	0
90.0421182536	0
90.0427637086	0
90.0428443909	0
90.0429250734	0
90.043005756	0
90.0430864387	0
90.0431671215	611.640258789
90.0432478044	1007.04418945
90.0433284874	1214.25280762
90.0434091705	453.595825195
90.0434898537	0
90.0435705371	0
90.0436512205	0
90.0437319041	440.569213867
90.0438125877	565.025512695
90.0438932715	771.617675781
90.0439739554	868.372192383
90.0440546394	632.439941406
90.0441353234	967.188110352
90.0442160077	355.703186035
90.044296692	0
90.0443773764	0
90.0444580609	0
90.0445387455	0
90.0446194303	0
90.0447001151	0
90.0447808001	17.7205810547
90.0448614852	747.630126953
90.0449421704	1462.80786133
90.0450228556	1258.31945801
90.045103541	285.133422852
90.0451842265	0
90.0452649122	0
90.0453455979	0
90.0454262837	0
90.0456683419	0
90.0457490281	0
90.0458297145	0
90.045910401	0
90.0459910876	158.636291504
90.0460717743	774.121948242
90.0461524611	1039.90283203
90.046233148	631.376403809
90.046313835	0
90.0463945221	775.966552734
90.0464752094	1402.56982422
90.0465558967	1329.71606445
90.0466365842	354.034057617
90.0467172717	1232.49047852
90.0467979594	1775.10998535
90.0468786472	1335.46276855
90.0469593351	114.356628418
90.0470400231	0
90.0471207112	0
90.0472013994	0
90.0472820877	0
90.0473627762	0
90.0474434647	0
90.0475241534	208.885009766
90.0476048421	974.088134766
90.047685531	1360.85229492
90.04776622	573.194335938
90.047846909	67.4827880859
90.0479275982	0
90.0480082875	0
90.0480889769	0
90.0481696665	0
90.0488151865	0
90.048895877	0
90.0489765676	0
90.0490572583	0
90.0491379491	38.2845458984
90.0492186401	722.911376953
90.0492993311	1406.72680664
90.0493800222	1080.51660156
90.0494607135	622.73425293
90.0495414048	341.396240234
90.0496220963	0
90.0497027879	206.542907715
90.0497834796	842.325073242
90.0498641714	940.803466797
90.0499448633	1004.96643066
90.0500255553	220.748474121
90.0501062474	0
90.0501869396	0
90.050267632	0
90.0503483244	0
90.050429017	0
90.0505097096	0
90.0505904024	0
90.0506710953	329.635742188
90.0507517883	868.903198242
90.0508324814	707.824584961
90.0509131746	1049.32055664
90.0509938679	498.962097168
90.0510745613	0
90.0511552548	0
90.0512359485	0
90.0513166422	455.56439209
90.0513973361	1395.86755371
90.0514780301	1518.61132813
90.0515587241	778.732666016
90.0516394183	315.66784668
90.0517201126	1263.78173828
90.051800807	1007.16247559
90.0518815015	600.167724609
90.0519621961	433.391052246
90.0520428908	0
90.0521235857	0
90.0522042806	308.745910645
90.0522849757	1407.29785156
90.0523656708	1382.04724121
90.0524463661	761.072387695
90.0525270615	617.143310547
90.0526077569	163.149627686
90.0526884525	0
90.0527691482	0
90.052849844	0
90.05293054	0
90.0530919321	0
90.0531726284	0
90.0532533247	0
90.0533340212	0
90.0534147177	174.264953613
90.0534954144	563.829101563
90.0535761112	1476.85571289
90.0536568081	1480.04492188
90.0537375051	71.1463012695
90.0538182022	835.810668945
90.0538988994	796.860717773
90.0539795967	753.61315918
90.0540602942	164.874420166
90.0541409917	1039.90551758
90.0542216894	1321.34436035
90.0543023871	596.982543945
90.054383085	478.359863281
90.054463783	0
90.0545444811	359.54486084
90.0546251793	695.645874023
90.0547058776	1350.35900879
90.054786576	1301.50292969
90.0548672745	364.216918945
90.0549479731	0
90.0550286719	531.13079834
90.0551093707	807.081298828
90.0551900697	610.716369629
90.0552707687	853.634887695
90.0553514679	637.820739746
90.0554321672	691.233154297
90.0555128666	817.696533203
90.055593566	853.345214844
90.0556742657	1045.27148438
90.0557549654	1277.65307617
90.0558356652	209.332946777
90.0559163651	630.459960938
90.0559970652	862.444335938
90.0560777653	1119.359375
90.0561584656	70.1406555176
90.0562391659	1033.17541504
90.0563198664	1406.66101074
90.056400567	740.163513184
90.0564812677	173.611602783
90.0565619685	1289.96594238
90.0566426694	1911.01745605
90.0567233704	1643.47167969
90.0568040715	0
90.0568847727	937.930786133
90.0569654741	1063.07202148
90.0570461755	687.343994141
90.0571268771	714.823852539
90.0572075787	1200.61413574
90.0572882805	9.59274291992
90.0573689824	993.446166992
90.0574496844	1645.00524902
90.0575303865	1612.19140625
90.0576110887	526.931518555
90.057691791	0
90.0577724934	0
90.057853196	0
90.0579338986	343.401306152
90.0580146014	827.125976563
90.0580953042	1470.41247559
90.0581760072	916.530517578
90.0582567103	310.989990234
90.0583374135	0
90.0584181167	0
90.0584988201	516.304199219
90.0585795237	701.766357422
90.0586602273	1297.59851074
90.058740931	1187.89379883
90.0588216348	507.862121582
90.0589023388	0
90.0589830428	0
90.059063747	30.2216796875
90.0591444513	1111.68273926
90.0592251556	1213.93725586
90.0593058601	861.44140625
90.0593865647	107.133453369
90.0594672694	1096.68212891
90.0595479742	1684.04638672
90.0596286792	1372.97290039
90.0597093842	690.096740723
90.0597900893	819.839599609
90.0598707946	196.705047607
90.0599514999	1337.98486328
90.0600322054	1454.10693359
90.060112911	976.452026367
90.0601936166	285.803955078
90.0602743224	1399.3482666
90.0603550283	1039.22717285
90.0604357343	809.299926758
90.0605164404	1415.85021973
90.0605971467	1343.29138184
90.060677853	0
90.0607585594	1213.95935059
90.060839266	1141.43554688
90.0609199726	1218.00097656
90.0610006794	784.029418945
90.0610813863	423.871398926
90.0611620932	0
90.0612428003	0
90.0613235075	526.853271484
90.0614042148	1963.3951416
90.0614849223	971.673950195
90.0615656298	1011.79528809
90.0616463374	1748.32702637
90.0617270452	1213.95239258
90.061807753	0
90.061888461	1047.39282227
90.061969169	1340.3951416
90.0620498772	1070.64074707
90.0621305855	649.288208008
90.0622112939	1478.27685547
90.0622920024	650.368164063
90.062372711	742.352355957
90.0624534197	1591.41320801
90.0625341285	1502.88659668
90.0626148375	463.471435547
90.0626955465	1044.16699219
90.0627762557	555.38269043
90.0628569649	1024.45751953
90.0629376743	1033.03674316
90.0630183838	1335.39733887
90.0630990933	1007.54724121
90.063179803	692.101928711
90.0632605128	618.671508789
90.0633412227	1313.95068359
90.0634219328	1554.92797852
90.0635026429	2082.91845703
90.0635833531	1168.1932373
90.0636640635	232.372833252
90.0637447739	0
90.0638254845	0
90.0639061952	0
90.0639869059	0
90.0640676168	495.801757813
90.0641483278	1022.05737305
90.0642290389	2032.53015137
90.0643097501	2107.02978516
90.0643904615	701.585388184
90.0644711729	1578.6427002
90.0645518844	1334.60705566
90.0646325961	602.127807617
90.0647133078	676.536010742
90.0647940197	1808.4161377
90.0648747317	1364.55395508
90.0649554437	859.814331055
90.0650361559	1206.40710449
90.0651168682	1680.33740234
90.0651975806	161.720489502
90.0652782931	1674.31640625
90.0653590058	2071.30322266
90.0654397185	850.826660156
90.0655204313	814.42578125
90.0656011443	1972.43493652
90.0656818573	1534.92126465
90.0657625705	940.168701172
90.0658432838	1262.4810791
90.0659239972	2002.91809082
90.0660047107	738.870727539
90.0660854242	750.780883789
90.066166138	2518.83300781
90.0662468518	2914.38330078
90.0663275657	2027.09851074
90.0664082797	1853.71154785
90.0664889939	203.519134521
90.0665697081	1046.27478027
90.0666504225	1539.50500488
90.0667311369	1574.51928711
90.0668118515	761.779296875
90.0668925662	1434.37182617
90.066973281	1539.13061523
90.0670539959	752.488769531
90.0671347109	759.490600586
90.067215426	1459.14782715
90.0672961413	1497.2364502
90.0673768566	1577.04455566
90.067457572	1273.33374023
90.0675382876	1513.04272461
90.0676190032	489.162719727
90.067699719	1601.94555664
90.0677804349	1700.31774902
90.0678611509	1391.43347168
90.067941867	831.959716797
90.0680225832	1835.39660645
90.0681032995	2105.98925781
90.0681840159	1251.44335938
90.0682647324	427.911804199
90.0683454491	1481.19226074
90.0684261658	1697.24914551
90.0685068827	2129.03662109
90.0685875996	1031.22094727
90.0686683167	1974.46398926
90.0687490339	1380.74206543
90.0688297512	308.675964355
90.0689104686	2266.8828125
90.0689911861	2738.43701172
90.0690719037	775.596801758
90.0691526214	728.300415039
90.0692333392	2069.58935547
90.0693140572	2361.41162109
90.0693947752	1221.20300293
90.0694754934	1523.17578125
90.0695562117	1461.81787109
90.06963693	1287.14123535
90.0697176485	1422.47424316
90.0697983671	1871.15319824
90.0698790858	1498.50805664
90.0699598046	1692.37939453
90.0700405235	157.76171875
90.0701212425	1268.34838867
90.0702019617	2220.17431641
90.0702826809	2382.49169922
90.0703634003	1213.43188477
90.0704441197	1311.75183105
90.0705248393	1776.2142334
90.070605559	1891.29772949
90.0706862788	984.307006836
90.0707669986	1749.078125
90.0708477186	1469.63452148
90.0709284388	1672.57507324
90.071009159	2138.49267578
90.0710898793	2108.79345703
90.0711705997	51.5079650879
90.0712513203	2351.84423828
90.0713320409	2784.60400391
90.0714127617	1764.19555664
90.0714934826	1525.8470459
90.0715742035	2169.57324219
90.0716549246	661.438659668
90.0717356458	866.898681641
90.0718163671	2448.19433594
90.0718970885	3094.72900391
90.0719778101	1657.86730957
90.0720585317	1750.27697754
90.0721392534	1945.63000488
90.0722199753	1333.91784668
90.0723006972	1260.49072266
90.0723814193	2150.97216797
90.0724621415	702.725952148
90.0725428637	1622.41430664
90.0726235861	1335.42089844
90.0727043086	3451.01171875
90.0727850312	3996.48632813
90.0728657539	2064.40332031
90.0729464768	472.951477051
90.0730271997	1980.5904541
90.0731079227	2822.05273438
90.0731886459	3200.18652344
90.0732693691	1462.96643066
90.0733500925	744.568603516
90.073430816	1606.90075684
90.0735115396	1682.71142578
90.0735922632	1947.86975098
90.073672987	3129.91943359
90.0737537109	1725.00390625
90.073834435	1711.92272949
90.0739151591	1813.33044434
90.0739958833	2821.97998047
90.0740766077	2049.44677734
90.0741573321	933.718017578
90.0742380567	2098.35009766
90.0743187813	3056.81298828
90.0743995061	1514.41918945
90.074480231	818.486816406
90.074560956	2898.45996094
90.0746416811	2753.89794922
90.0747224063	265.124145508
90.0748031316	2435.53710938
90.074883857	2589.62402344
90.0749645826	3126.3125
90.0750453082	3000.74755859
90.075126034	2050.79931641
90.0752067598	742.747131348
90.0752874858	2151.80957031
90.0753682119	1821.4395752
90.0754489381	2189.11425781
90.0755296644	1934.47351074
90.0756103908	1879.41833496
90.0756911173	2872.78076172
90.0757718439	3173.75488281
90.0758525706	463.047485352
90.0759332975	2880.16308594
90.0760140244	3008.04150391
90.0760947515	2376.99267578
90.0761754786	1482.17358398
90.0762562059	1364.88684082
90.0763369333	2028.07946777
90.0764176608	4080.19287109
90.0764983884	3601.921875
90.0765791161	2395.64306641
90.0766598439	969.384277344
90.0767405718	2632.86523438
90.0768212998	2753.21875
90.076902028	1915.78015137
90.0769827562	1148.80541992
90.0770634846	2416.07714844
90.0771442131	2334.58886719
90.0772249416	3995.93017578
90.0773056703	3898.29785156
90.0773863991	2590.78076172
90.077467128	523.413391113
90.077547857	3922.25634766
90.0776285861	5130.07519531
90.0777093153	3438.83789063
90.0777900447	1364.96875
90.0778707741	3049.76171875
90.0779515037	593.007385254
90.0780322333	2900.31884766
90.0781129631	4122.51708984
90.078193693	3001.95849609
90.078274423	1445.79724121
90.0783551531	3550.42089844
90.0784358833	2173.6796875
90.0785166136	2799.32910156
90.078597344	3731.45605469
90.0786780745	3593.50439453
90.0787588051	2394.39648438
90.0788395359	1173.61779785
90.0789202667	2718.55908203
90.0790009977	4355.69433594
90.0790817288	2729.05566406
90.07916246	1976.86315918
90.0792431912	1526.18249512
90.0793239226	3892.72363281
90.0794046541	6676.4296875
90.0794853858	5771.87451172
90.0795661175	3839.46533203
90.0796468493	6960.41015625
90.0797275812	6056.60595703
90.0798083133	2887.88183594
90.0798890454	3183.71777344
90.0799697777	5035.41015625
90.0800505101	2968.24023438
90.0801312426	2771.33984375
90.0802119752	930.216064453
90.0802927078	5018.45605469
90.0803734407	4612.55322266
90.0804541736	1012.02526855
90.0805349066	4327.82373047
90.0806156397	6824.26513672
90.080696373	4951.93554688
90.0807771063	1039.52685547
90.0808578398	4861.62939453
90.0809385733	7395.20214844
90.081019307	2477.32128906
90.0811000408	3550.99365234
90.0811807747	6353.2421875
90.0812615087	6230.20849609
90.0813422428	3726.23828125
90.081422977	1138.50927734
90.0815037113	4372.76513672
90.0815844458	4490.27001953
90.0816651803	3410.27392578
90.081745915	3846.81884766
90.0818266497	1903.42687988
90.0819073846	6144.80273438
90.0819881196	4821.11669922
90.0820688547	2498.11230469
90.0821495899	4705.4921875
90.0822303252	5675.05712891
90.0823110606	1108.81640625
90.0823917961	3361.46630859
90.0824725317	4903.14160156
90.0825532675	5738.46826172
90.0826340033	5466.67041016
90.0827147393	5275.29785156
90.0827954753	4163.35351563
90.0828762115	3733.22265625
90.0829569478	2551.82275391
90.0830376842	8838.23632813
90.0831184207	8316.34667969
90.0831991573	1265.18127441
90.083279894	7210.41650391
90.0833606308	9260.4765625
90.0834413677	2178.03369141
90.0835221048	4706.70751953
90.0836028419	9026.74414063
90.0836835792	9669.87792969
90.0837643165	3845.41162109
90.083845054	2580.72119141
90.0839257916	5837.91992188
90.0840065293	3916.51367188
90.0840872671	4012.37792969
90.084168005	7833.05810547
90.084248743	5981.78515625
90.0843294811	7199.19335938
90.0844102194	6951.30517578
90.0844909577	3743.26025391
90.0845716962	3384.57910156
90.0846524347	3685.24169922
90.0847331734	6041.66113281
90.0848139122	14088.1699219
90.084894651	12869.6591797
90.08497539	5030.95214844
90.0850561291	3205.52246094
90.0851368683	4256.62011719
90.0852176077	7461.77832031
90.0852983471	12838.7529297
90.0853790866	9475.31640625
90.0854598263	5398.11328125
90.085540566	2791.69091797
90.0856213059	2016.4329834
90.0857020459	11837.2490234
90.0857827859	15632.6123047
90.0858635261	7859.51367188
90.0859442664	3283.34814453
90.0860250068	9670.00878906
90.0861057473	12352.2519531
90.086186488	5638.95947266
90.0862672287	5359.20361328
90.0863479695	7145.12011719
90.0864287105	3884.43554688
90.0865094515	9845.02929688
90.0865901927	13919.1064453
90.086670934	8154.79736328
90.0867516753	2900.82958984
90.0868324168	13053.9589844
90.0869131584	14731.3447266
90.0869939001	4729.93554688
90.087074642	8100.89794922
90.0871553839	12561.2275391
90.0872361259	11383.1445313
90.0873168681	4585.00390625
90.0873976103	9344.43652344
90.0874783527	7099.02734375
90.0875590951	13019.8798828
90.0876398377	16412.6835938
90.0877205804	11773.8925781
90.0878013232	8208.45605469
90.0878820661	13007.6914063
90.0879628091	8629.8671875
90.0880435522	17467.3769531
90.0881242954	17359.109375
90.0882050388	765.199707031
90.0882857822	22064.8339844
90.0883665258	24187.0800781
90.0884472694	12680.8945313
90.0885280132	10185.1767578
90.0886087571	11036.2333984
90.0886895011	23042.8496094
90.0887702451	20282.5761719
90.0888509894	17693.0253906
90.0889317337	2283.74462891
90.0890124781	22795.3457031
90.0890932226	32779.53125
90.0891739673	22601.9101563
90.089254712	23793.8515625
90.0893354569	18231.7421875
90.0894162018	42601.9179688
90.0894969469	85348.1484375
90.0895776921	85895.7265625
90.0896584374	91838.859375
90.0897391828	114505.171875
90.0898199283	78666.7578125
90.0899006739	1025.14807129
90.0899814196	48844.234375
90.0900621654	63303.3046875
90.0901429114	52755.0625
90.0902236574	69052.2265625
90.0903044036	19958.7949219
90.0903851498	61881.9921875
90.0904658962	198769.625
90.0905466427	271170.75
90.0906273893	891177.9375
90.090708136	4226490
90.0907888828	10148179
90.0908696297	17097560
90.0909503767	21795050
90.0910311239	21287314
90.0911118711	15650113
90.0911926185	8238076
90.0912733659	2778177.25
90.0913541135	449354.59375
90.0914348612	124114.726563
90.091515609	133064.78125
90.0915963569	82825.25
90.0916771049	90962.0703125
90.091757853	17391.8613281
90.0918386012	29815.5859375
90.0919193495	84675.0625
90.092000098	85029.8671875
90.0920808465	27283.1953125
90.0921615952	31295.1757813
90.0922423439	48063.3554688
90.0923230928	41356.7265625
90.0924038418	56666.5898438
90.0924845909	34552.2304688
90.0925653401	14124.1464844
90.0926460894	22764.1347656
90.0927268388	17084.9804688
90.0928075883	11656.2910156
90.0928883379	16169.3027344
90.0929690877	16437.4433594
90.0930498375	27185.1464844
90.0931305875	18571.7539063
90.0932113375	9383.52050781
90.0932920877	23806.4160156
90.093372838	27685.5214844
90.0934535884	11540.4003906
90.0935343389	9201.32128906
90.0936150895	18973.7285156
90.0936958402	18763.6738281
90.093776591	3970.46582031
90.093857342	14063.3564453
90.093938093	7867.88525391
90.0940188442	15752.4511719
90.0940995954	16786.8496094
90.0941803468	9584.05371094
90.0942610983	9627.69824219
90.0943418499	13688.3720703
90.0944226016	660.48223877
90.0945033534	13554.6992188
90.0945841053	16231.9746094
90.0946648573	13695.5185547
90.0947456094	9610.84277344
90.0948263617	10022.1435547
90.094907114	3242.61865234
90.0949878665	9903.38378906
90.095068619	9043.65820313
90.0951493717	9165.33496094
90.0952301245	6893.3671875
90.0953108774	7323.18896484
90.0953916304	4097.14257813
90.0954723835	9333.85351563
90.0955531367	12711.2236328
90.09563389	10255.5224609
90.0957146434	5508.29443359
90.095795397	7884.89550781
90.0958761506	4898.16992188
90.0959569044	11953.6074219
90.0960376582	7579.52441406
90.0961184122	1901.66345215
90.0961991663	7229.69384766
90.0962799205	8465.69335938
90.0963606748	6540.80078125
90.0964414292	8330.60449219
90.0965221837	5311.40429688
90.0966029383	5605.16064453
90.0966836931	3094.30175781
90.0967644479	8735.66015625
90.0968452029	10444.9707031
90.0969259579	7424.29052734
90.0970067131	1681.11120605
90.0970874684	6125.98583984
90.0971682238	5561.38525391
90.0972489792	5639.97607422
90.0973297349	2515.12158203
90.0974104906	7690.56103516
90.0974912464	6391.36523438
90.0975720023	4370.93652344
90.0976527583	4505.48632813
90.0977335145	6746.60839844
90.0978142707	4668.14697266
90.0978950271	4044.015625
90.0979757836	5004.67431641
90.0980565402	8171.42919922
90.0981372968	3376.11035156
90.0982180536	4506.79150391
90.0982988106	7716.81201172
90.0983795676	4478.68164063
90.0984603247	3318.55859375
90.0985410819	8015.28173828
90.0986218393	4301.10253906
90.0987025967	3388.3984375
90.0987833543	6342.33447266
90.0988641119	4843.94580078
90.0989448697	3358.37841797
90.0990256276	7639.47949219
90.0991063856	5512.69677734
90.0991871437	3899.80712891
90.0992679019	2122.35009766
90.0993486602	3741.42675781
90.0994294186	2503.41503906
90.0995101772	4859.64257813
90.0995909358	5567.04931641
90.0996716946	4037.71826172
90.0997524534	2259.29101563
90.0998332124	6013.76660156
90.0999139715	3747.46533203
90.0999947306	2528.09228516
90.1000754899	5316.41601563
90.1001562493	5421.63574219
90.1002370089	1828.82189941
90.1003177685	3072.1640625
90.1003985282	2169.53662109
90.100479288	4789.25976563
90.100560048	4472.94775391
90.100640808	5393.77636719
90.1007215682	3890.61132813
90.1008023285	1348.5333252
90.1008830889	2573.21191406
90.1009638493	4173.40039063
90.1010446099	4337.64648438
90.1011253706	4380.73583984
90.1012061315	3078.95849609
90.1012868924	4914.06982422
90.1013676534	2337.28710938
90.1014484146	1336.94836426
90.1015291758	3118.23730469
90.1016099372	3022.21240234
90.1016906986	4848.42236328
90.1017714602	7766.34472656
90.1018522219	5155.40625
90.1019329837	247.403381348
90.1020137456	3091.02441406
90.1020945076	2561.12255859
90.1021752697	2752.44824219
90.1022560319	6369.28613281
90.1023367943	2476.87060547
90.1024175567	5540.13085938
90.1024983193	8821.53320313
90.1025790819	5120.34375
90.1026598447	1524.58459473
90.1027406076	4493.01611328
90.1028213706	2467.58349609
90.1029021336	3427.56054688
90.1029828968	2624.16650391
90.1030636602	2384.15136719
90.1031444236	3698.63085938
90.1032251871	3936.72119141
90.1033059507	980.060302734
90.1033867145	3260.11279297
90.1034674783	2362.87792969
90.1035482423	1924.6619873
90.1036290064	2116.24658203
90.1037097706	4444.79736328
90.1037905349	3679.12158203
90.1038712993	670.969360352
90.1039520638	3407.87597656
90.1040328284	4085.8984375
90.1041135931	31.1708374023
90.1041943579	4202.18798828
90.1042751229	4908.17871094
90.1043558879	3193.89990234
90.1044366531	681.655334473
90.1045174183	2151.0703125
90.1045981837	1909.12023926
90.1046789492	2264.47363281
90.1047597148	1973.55212402
90.1048404805	3299.52734375
90.1049212463	2342.62597656
90.1050020122	3040.23144531
90.1050827782	2364.85888672
90.1051635444	2194.10400391
90.1052443106	3353.02148438
90.105325077	2960.77734375
90.1054058434	1241.90014648
90.10548661	2158.77246094
90.1055673767	461.329467773
90.1056481435	2832.16748047
90.1057289104	3123.3046875
90.1058096774	2546.53076172
90.1058904445	1897.66174316
90.1059712117	2281.70263672
90.106051979	1646.49658203
90.1061327465	2849.25683594
90.106213514	1706.98059082
90.1062942817	2309.96435547
90.1063750494	1565.8996582
90.1064558173	1379.46374512
90.1065365853	1456.05102539
90.1066173534	3488.97558594
90.1066981216	4423.06103516
90.1067788899	3291.52978516
90.1068596583	0
90.1069404268	2176.62988281
90.1070211955	2513.85986328
90.1071019642	2474.45117188
90.1071827331	496.425598145
90.107263502	1958.62365723
90.1073442711	2416.15722656
90.1074250403	1949.48059082
90.1075058095	1796.65710449
90.1075865789	3445.49560547
90.1076673484	2716.91210938
90.107748118	791.345092773
90.1078288878	2537.91992188
90.1079096576	2830.25048828
90.1079904275	703.226013184
90.1080711976	2243.11669922
90.1081519677	1401.82312012
90.108232738	2869.5078125
90.1083135084	1959.31164551
90.1083942788	666.204956055
90.1084750494	3333.55761719
90.1085558201	2918.83496094
90.1086365909	782.752807617
90.1087173618	2084.02148438
90.1087981329	1275.19140625
90.108878904	2594.31005859
90.1089596752	1921.09289551
90.1090404466	1593.35766602
90.109121218	2505.72998047
90.1092019896	1494.64147949
90.1092827613	1299.17529297
90.1093635331	3027.86035156
90.1094443049	1645.54370117
90.1095250769	1581.90063477
90.1096058491	1807.76013184
90.1096866213	1663.43884277
90.1097673936	1220.08740234
90.109848166	2133.58447266
90.1099289386	1395.7902832
90.1100097112	1392.86486816
90.110090484	1271.49328613
90.1101712569	2531.52197266
90.1102520298	1069.15393066
90.1103328029	1485.19213867
90.1104135761	3589.84619141
90.1104943494	3359.63916016
90.1105751228	612.522766113
90.1106558963	1115.64208984
90.11073667	2484.12890625
90.1108174437	3063.14160156
90.1108982176	1326.81176758
90.1109789915	1036.06396484
90.1110597656	1580.07043457
90.1111405397	1902.8770752
90.111221314	366.224731445
90.1113020884	1595.60302734
90.1113828629	2256.14794922
90.1114636375	2407.17285156
90.1115444122	1851.78063965
90.1116251871	990.979248047
90.111705962	655.039367676
90.111786737	2253.90966797
90.1118675122	2788.42333984
90.1119482874	2853.77050781
90.1120290628	811.591918945
90.1121098383	1314.64221191
90.1121906139	2641.14892578
90.1122713895	2264.13183594
90.1123521653	263.644287109
90.1124329413	2053.77978516
90.1125137173	2155.30761719
90.1125944934	2106.36181641
90.1126752696	1623.5098877
90.112756046	504.706298828
90.1128368224	1984.71838379
90.112917599	4069.50439453
90.1129983757	2527.60986328
90.1130791524	61.0180664063
90.1131599293	1725.06103516
90.1132407063	1226.01330566
90.1133214834	878.962402344
90.1134022606	2355.04150391
90.113483038	1689.65002441
90.1135638154	419.09161377
90.1136445929	1588.85424805
90.1137253706	3853.74511719
90.1138061483	3787.79003906
90.1138869262	1603.80273438
90.1139677042	500.94921875
90.1140484823	787.647705078
90.1141292604	1279.24707031
90.1142100387	2900.27832031
90.1142908171	2333.20361328
90.1143715957	1135.07543945
90.1144523743	611.18536377
90.114533153	1848.84362793
90.1146139319	694.721618652
90.1146947108	1370.13928223
90.1147754899	2646.48681641
90.114856269	1785.3614502
90.1149370483	650.514099121
90.1150178277	1823.56726074
90.1150986072	4.34390258789
90.1151793868	2587.9296875
90.1152601665	3182.59179688
90.1153409463	1930.82043457
90.1154217263	0
90.1155025063	1489.21508789
90.1155832864	2585.77783203
90.1156640667	3689.26660156
90.1157448471	2513.16699219
90.1158256275	744.31640625
90.1159064081	1712.5291748
90.1159871888	2170.60888672
90.1160679696	2092.25976563
90.1161487505	2161.109375
90.1162295315	552.141662598
90.1163103126	488.873840332
90.1163910939	1422.94470215
90.1164718752	1962.96520996
90.1165526567	933.074707031
90.1166334382	1650.56005859
90.1167142199	1624.39416504
90.1167950017	768.919311523
90.1168757835	748.905151367
90.1169565655	1271.8807373
90.1170373476	987.743896484
90.1171181298	1644.00866699
90.1171989122	243.43371582
90.1172796946	1399.77246094
90.1173604771	2620.13720703
90.1174412598	2308.59033203
90.1175220425	704.84161377
90.1176028254	685.397521973
90.1176836083	350.733642578
90.1177643914	2314.17236328
90.1178451746	2240.03222656
90.1179259579	984.223266602
90.1180067413	1019.28881836
90.1180875248	588.975585938
90.1181683084	1036.99536133
90.1182490922	2084.85253906
90.118329876	2164.21923828
90.11841066	1632.17810059
90.118491444	418.101745605
90.1185722282	1506.77685547
90.1186530124	1209.0715332
90.1187337968	1641.3861084
90.1188145813	902.389892578
90.1188953659	612.389831543
90.1189761506	1076.4354248
90.1190569354	1315.33447266
90.1191377204	775.705078125
90.1192185054	1077.0402832
90.1192992905	1082.68615723
90.1193800758	627.893554688
90.1194608611	1837.2791748
90.1195416466	2148.74462891
90.1196224322	719.636657715
90.1197032179	1979.58410645
90.1197840037	1880.17443848
90.1198647896	1027.9979248
90.1199455756	958.428710938
90.1200263617	1838.50964355
90.1201071479	1042.19628906
90.1201879343	237.15045166
90.1202687207	0
90.1203495073	0
90.1204302939	254.572021484
90.1205110807	1045.49230957
90.1205918676	1692.50402832
90.1206726546	1115.03149414
90.1207534417	273.946105957
90.1208342289	1220.31237793
90.1209150162	762.448120117
90.1209958036	1005.2232666
90.1210765911	552.592102051
90.1211573788	934.501220703
90.1212381665	1338.96374512
90.1213189544	1624.23181152
90.1213997424	897.881835938
90.1214805304	36.4882507324
90.1215613186	1196.78479004
90.1216421069	1256.53344727
90.1217228953	845.360107422
90.1218036838	1503.53979492
90.1218844724	186.456848145
90.1219652612	1318.19189453
90.12204605	2524.81689453
90.1221268389	2422.64941406
90.122207628	904.44543457
90.1222884172	128.037139893
90.1223692064	1375.9609375
90.1224499958	2019.8927002
90.1225307853	774.623291016
90.1226115749	584.374328613
90.1226923646	1567.55554199
90.1227731544	1632.32080078
90.1228539443	673.1171875
90.1229347344	981.888793945
90.1230155245	746.738891602
90.1230963147	1260.19006348
90.1231771051	482.991516113
90.1232578956	631.763061523
90.1233386861	1371.5994873
90.1234194768	632.469848633
90.1235002676	915.93737793
90.1235810585	1452.50708008
90.1236618495	840.45715332
90.1237426406	1488.93481445
90.1238234319	908.932373047
90.1239042232	40.7919006348
90.1239850146	669.207702637
90.1240658062	1202.82519531
90.1241465978	1240.62609863
90.1242273896	1210.50134277
90.1243081815	0
90.1243889735	1612.19030762
90.1244697656	2312.5390625
90.1245505578	1352.09326172
90.1246313501	1003.0177002
90.1247121425	2145.19775391
90.124792935	1547.14306641
90.1248737277	872.155517578
90.1249545204	420.858703613
90.1250353133	988.87121582
90.1251161062	714.552368164
90.1251968993	2040.08288574
90.1252776925	2786.43896484
90.1253584858	3678.42919922
90.1254392792	5315.50585938
90.1255200727	4773.65087891
90.1256008663	1872.77868652
90.12568166	915.823364258
90.1257624539	800.156738281
90.1258432478	0
90.1259240418	0
90.126004836	0
90.1260856303	540.913024902
90.1261664246	1395.53405762
90.1262472191	1177.39050293
90.1263280137	687.944091797
90.1264088084	0
90.1264896032	901.29309082
90.1265703982	1394.39038086
90.1266511932	1156.1171875
90.1267319883	0
90.1268127836	1264.27453613
90.1268935789	1954.36364746
90.1269743744	1270.48547363
90.1270551699	201.19354248
90.1271359656	0
90.1272167614	535.261962891
90.1272975573	1685.56774902
90.1273783533	808.186523438
90.1274591494	1063.55822754
90.1275399457	1329.36608887
90.127620742	912.167602539
90.1277015384	93.1607971191
90.127782335	0
90.1278631316	0
90.1279439284	373.171569824
90.1280247253	1056.86413574
90.1281055223	2067.47021484
90.1281863193	1987.15808105
90.1282671166	941.643920898
90.1283479139	522.633117676
90.1284287113	1186.74108887
90.1285095088	1418.86535645
90.1285903064	1620.96289063
90.1286711042	385.91027832
90.128751902	929.711303711
90.1288327	1405.24304199
90.1289134981	1081.67016602
90.1289942962	1224.50085449
90.1290750945	1651.48840332
90.1291558929	651.092712402
90.1292366914	697.368469238
90.12931749	1506.71472168
90.1293982888	1814.61804199
90.1294790876	1559.21386719
90.1295598865	1070.65356445
90.1296406856	675.11907959
90.1297214847	1543.11401367
90.129802284	1673.95141602
90.1298830834	1031.90710449
90.1299638829	293.438293457
90.1300446825	1951.09240723
90.1301254822	2105.046875
90.130206282	885.616333008
90.1302870819	1025.68041992
90.1303678819	1611.45910645
90.130448682	522.840393066
90.1305294823	0
90.1306102826	0
90.1306910831	0
90.1307718837	0
90.1308526843	0
90.1309334851	314.252075195
90.131014286	633.178100586
90.131095087	822.815185547
90.1311758881	1154.7689209
90.1312566894	966.721801758
90.1313374907	646.721801758
90.1314182921	102.198364258
90.1314990937	942.423461914
90.1315798953	985.678833008
90.1316606971	899.962036133
90.131741499	18.1493225098
90.1318223009	433.600402832
90.131903103	962.694946289
90.1319839052	984.325805664
90.1320647075	556.632019043
90.13214551	995.501098633
90.1322263125	169.731445313
90.1323071151	753.377685547
90.1323879179	1755.20788574
90.1324687207	1655.34838867
90.1325495237	693.558837891
90.1326303267	1332.95849609
90.1327111299	1699.2376709
90.1327919332	1336.0078125
90.1328727366	459.41583252
90.1329535401	0
90.1330343437	0
90.1331151474	0
90.1331959512	0
90.1332767552	0
90.1333575592	0
90.1334383634	0
90.1335191676	0
90.133599972	399.558776855
90.1336807765	629.985351563
90.1337615811	1324.4708252
90.1338423858	675.452331543
90.1339231906	122.112640381
90.1340039955	0
90.1340848005	0
90.1341656057	0
90.1342464109	46.6323547363
90.1343272163	1089.47253418
90.1344080217	1975.54724121
90.1344888273	1301.16821289
90.134569633	568.854675293
90.1346504387	137.299957275
90.1347312446	0
90.1348120506	0
90.1348928567	0
90.134973663	0
90.1356201166	0
90.1357009238	0
90.1357817311	0
90.1358625385	0
90.1359433461	149.688903809
90.1360241537	1348.52868652
90.1361049614	2202.49902344
90.1361857693	1684.60546875
90.1362665773	1322.2677002
90.1363473853	2189.62402344
90.1364281935	1728.61132813
90.1365090018	698.704406738
90.1365898102	0
90.1366706187	0
90.1367514273	0
90.136832236	0
90.1369130448	0
90.1372362812	0
90.1373170906	0
90.1373979001	0
90.1374787097	0
90.1375595194	30.1399841309
90.1376403292	813.384277344
90.1377211391	1021.10900879
90.1378019491	774.200805664
90.1378827592	0
90.1379635695	0
90.1380443798	263.313415527
90.1381251903	678.683837891
90.1382060008	697.393981934
90.1382868115	731.890136719
90.1383676223	0
90.1384484332	941.432617188
90.1385292442	1182.09228516
90.1386100553	979.017456055
90.1386908665	155.835449219
90.1387716778	784.770019531
90.1388524893	1456.90075684
90.1389333008	948.866699219
90.1390141125	0
90.1390949242	851.430297852
90.1391757361	1416.82128906
90.1392565481	1172.20471191
90.1393373602	708.218811035
90.1394181724	1797.9276123
90.1394989847	1381.99645996
90.1395797971	377.539916992
90.1396606096	0
90.1397414222	0
90.139822235	0
90.1399030478	285.626037598
90.1399838608	562.660339355
90.1400646738	1378.80187988
90.140145487	757.326049805
90.1402263003	24.1798706055
90.1403071137	0
90.1403879272	451.248718262
90.1404687408	713.367004395
90.1405495545	1308.49023438
90.1406303683	1373.28955078
90.1407111823	712.615112305
90.1407919963	738.645019531
90.1408728105	1530.51342773
90.1409536247	1249.96508789
90.1410344391	725.71496582
90.1411152536	213.157806396
90.1411960682	956.975585938
90.1412768829	1643.76416016
90.1413576977	1519.6842041
90.1414385126	445.869750977
90.1415193276	0
90.1416001427	0
90.141680958	0
90.1417617733	0
90.1418425888	555.533325195
90.1419234043	559.765258789
90.14200422	762.544921875
90.1420850358	734.747924805
90.1421658517	0
90.1422466677	788.610351563
90.1423274838	1449.6282959
90.1424083	1195.5279541
90.1424891163	537.62677002
90.1425699328	101.929840088
90.1426507493	584.117492676
90.142731566	864.930175781
90.1428123827	1165.38427734
90.1428931996	218.009399414
90.1429740166	0
90.1430548337	0
90.1431356509	0
90.1432164682	0
90.1432972856	0
90.1433781031	986.708374023
90.1434589207	1661.85388184
90.1435397385	1015.9597168
90.1436205563	0
90.1437013743	0
90.1437821923	0
90.1438630105	0
90.1439438288	377.635742188
90.1440246472	1104.80822754
90.1441054657	1587.94763184
90.1441862843	1051.60388184
90.144267103	243.34552002
90.1443479218	389.642333984
90.1444287408	958.164428711
90.1445095598	1134.75622559
90.144590379	1088.75244141
90.1446711982	358.197143555
90.1447520176	0
90.1448328371	0
90.1449136566	0
90.1449944763	0
90.1454793968	0
90.1455602173	0
90.1456410378	0
90.1457218585	0
90.1458026793	302.546936035
90.1458835002	805.196166992
90.1459643212	1527.79980469
90.1460451423	998.783203125
90.1461259635	246.622131348
90.1462067848	0
90.1462876062	0
90.1463684278	44.6812438965
90.1464492494	766.705932617
90.1465300712	1383.84460449
90.1466108931	677.873291016
90.146691715	432.246826172
90.1467725371	1234.17041016
90.1468533593	1135.2833252
90.1469341816	1193.99255371
90.147015004	1663.74414063
90.1470958266	785.235839844
90.1471766492	608.73223877
90.1472574719	1092.66809082
90.1473382948	463.823059082
90.1474191177	0
90.1474999408	0
90.147580764	0
90.1476615873	0
90.1516220612	0
90.1517028899	0
90.1517837188	0
90.1518645477	0
90.1519453767	48.0081787109
90.1520262059	738.102111816
90.1521070351	1355.69458008
90.1521878645	962.879882813
90.152268694	435.292114258
90.1523495236	1401.20507813
90.1524303533	1699.06921387
90.1525111831	1428.68151855
90.152592013	842.18762207
90.152672843	1113.34423828
90.1527536731	838.437866211
90.1528345034	314.348449707
90.1529153337	0
90.1529961642	0
90.1530769948	0
90.1531578254	0
90.1556636302	0
90.1557444644	0
90.1558252986	0
90.155906133	0
90.1559869675	169.071929932
90.1560678021	923.836425781
90.1561486368	933.759887695
90.1562294716	765.706176758
90.1563103065	301.532958984
90.1563911415	0
90.1564719766	0
90.1565528119	0
90.1566336472	1118.3807373
90.1567144827	1724.06921387
90.1567953182	844.224487305
90.1568761539	167.391387939
90.1569569897	0
90.1570378256	0
90.1571186616	0
90.1571994977	0
90.1585737282	0
90.1586545663	0
90.1587354044	0
90.1588162427	0
90.1588970811	437.147644043
90.1589779196	1278.12268066
90.1590587582	1281.65124512
90.1591395969	617.027709961
90.1592204358	47.284576416
90.1593012747	0
90.1593821137	0
90.1594629529	0
90.1595437922	0
90.1623732348	0
90.162454078	0
90.1625349213	0
90.1626157647	0
90.1626966082	157.274139404
90.1627774518	685.124694824
90.1628582955	1259.65844727
90.1629391394	609.017028809
90.1630199833	272.304504395
90.1631008273	0
90.1631816715	0
90.1632625158	0
90.1633433601	0
90.163990119	0
90.1640709644	0
90.1641518098	0
90.1642326554	0
90.1643135011	0
90.1643943469	594.510681152
90.1644751928	889.087402344
90.1645560388	593.953735352
90.1646368849	555.906005859
90.1647177311	232.857543945
90.1647985774	0
90.1648794239	0
90.1649602704	0
90.1650411171	0
90.1658495896	0
90.1659304375	0
90.1660112854	0
90.1660921335	0
90.1661729817	37.149597168
90.1662538299	623.60949707
90.1663346783	810.333618164
90.1664155268	586.50213623
90.1664963755	88.4222717285
90.1665772242	0
90.166658073	0
90.166738922	0
90.166819771	0
90.1678708185	0
90.1679516691	0
90.1680325198	0
90.1681133706	0
90.1681942215	419.677307129
90.1682750725	843.807861328
90.1683559236	951.955810547
90.1684367748	639.239685059
90.1685176261	1056.12719727
90.1685984776	1101.25439453
90.1686793291	164.071807861
90.1687601808	0
90.1688410325	0
90.1689218844	0
90.1690027364	0
90.1690835885	0
90.1691644407	0
90.169245293	0
90.1693261454	0
90.169406998	278.703918457
90.1694878506	657.703796387
90.1695687033	1002.57849121
90.1696495562	758.913085938
90.1697304091	349.230651855
90.1698112622	0
90.1698921154	0
90.1699729687	0
90.1700538221	0
90.1714283465	0
90.1715092018	0
90.1715900573	0
90.1716709129	0
90.1717517686	326.188842773
90.1718326244	1084.3326416
90.1719134803	1233.88647461
90.1719943363	663.403137207
90.1720751924	672.45123291
90.1721560486	688.031555176
90.1722369049	169.998352051
90.1723177614	0
90.1723986179	0
90.1724794746	0
90.1725603314	0
90.1728837595	0
90.1729646168	0
90.1730454743	0
90.1731263318	0
90.1732071894	448.192260742
90.1732880472	1273.81103516
90.173368905	1569.48718262
90.173449763	1181.76611328
90.1735306211	801.28112793
90.1736114793	799.367797852
90.1736923375	1160.98706055
90.1737731959	878.566894531
90.1738540545	221.210784912
90.1739349131	0
90.1740157718	0
90.1740966306	0
90.1741774896	0
90.1747435052	0
90.1748243651	0
90.174905225	0
90.174986085	0
90.1750669451	0
90.1751478054	876.824829102
90.1752286658	1351.13537598
90.1753095262	1179.66699219
90.1753903868	534.281494141
90.1754712475	0
90.1755521083	0
90.1756329692	0
90.1757138302	0
90.1757946913	0
90.1758755525	0
90.1759564139	317.845336914
90.1760372753	1080.05847168
90.1761181369	1404.27856445
90.1761989985	898.735717773
90.1762798603	137.118133545
90.1763607222	0
90.1764415842	0
90.1765224463	434.891723633
90.1766033085	797.825805664
90.1766841708	919.651977539
90.1767650332	814.224853516
90.1768458958	214.722442627
90.1769267584	47.6183166504
90.1770076211	662.230285645
90.177088484	1114.42272949
90.177169347	584.038330078
90.1772502101	482.895019531
90.1773310732	0
90.1774119365	0
90.1774927999	0
90.1775736635	66.9116210938
90.1776545271	984.254760742
90.1777353908	1486.35241699
90.1778162546	1376.3223877
90.1778971186	1553.90979004
90.1779779826	1978.48864746
90.1780588468	2005.4173584
90.1781397111	1384.7980957
90.1782205755	940.707275391
90.17830144	1392.82519531
90.1783823046	2013.88659668
90.1784631693	1840.04016113
90.1785440341	873.294555664
90.178624899	0
90.178705764	159.366851807
90.1787866292	688.052307129
90.1788674944	1382.11901855
90.1789483598	1080.02844238
90.1790292253	32.861328125
90.1791100909	0
90.1791909565	0
90.1792718223	0
90.1793526882	0
90.1794335543	30.3279418945
90.1795144204	846.775878906
90.1795952866	1149.26416016
90.1796761529	602.615783691
90.1797570194	627.660705566
90.179837886	1008.63916016
90.1799187526	520.54083252
90.1799996194	0
90.1800804863	0
90.1801613533	0
90.1802422204	0
90.1816169777	0
90.1816978468	0
90.181778716	0
90.1818595853	0
90.1819404546	282.787597656
90.1820213241	872.074951172
90.1821021937	1137.69506836
90.1821830635	670.255432129
90.1822639333	911.580688477
90.1823448032	1472.04321289
90.1824256732	1242.66101074
90.1825065434	567.08026123
90.1825874136	702.111083984
90.182668284	619.988220215
90.1827491545	720.767883301
90.1828300251	607.807067871
90.1829108958	66.6178894043
90.1829917666	0
90.1830726375	0
90.1831535085	0
90.1832343796	0
90.1833152508	355.357177734
90.1833961222	968.439331055
90.1834769936	826.945556641
90.1835578652	945.380004883
90.1836387369	1299.85192871
90.1837196087	1215.62121582
90.1838004805	737.097106934
90.1838813525	198.765014648
90.1839622246	0
90.1840430969	0
90.1841239692	0
90.1842048416	0
90.1859840626	0
90.1860649376	0
90.1861458126	0
90.1862266878	0
90.186307563	224.981201172
90.1863884384	711.196228027
90.1864693139	1219.09387207
90.1865501895	1132.24926758
90.1866310652	603.38293457
90.186711941	619.130859375
90.1867928169	950.895141602
90.1868736929	661.602722168
90.186954569	122.234161377
90.1870354453	0
90.1871163216	0
90.1871971981	0
90.1872780746	0
90.1893000241	0
90.1893809035	0
90.189461783	0
90.1895426626	0
90.1896235424	354.559997559
90.1897044222	1078.92565918
90.1897853021	1298.64306641
90.1898661822	589.930480957
90.1899470623	269.52734375
90.1900279426	0
90.190108823	0
90.1901897035	0
90.190270584	0
90.1903514647	0
90.1904323456	0
90.1905132265	0
90.1905941075	446.934387207
90.1906749886	1057.37451172
90.1907558699	1076.02539063
90.1908367512	777.075805664
90.1909176327	489.205200195
90.1909985143	787.693603516
90.1910793959	1237.19592285
90.1911602777	1147.52270508
90.1912411596	665.491760254
90.1913220416	875.825927734
90.1914029237	902.37109375
90.191483806	305.23815918
90.1915646883	87.5163269043
90.1916455707	635.115783691
90.1917264533	753.717895508
90.191807336	574.321105957
90.1918882187	60.9378967285
90.1919691016	0
90.1920499846	0
90.1921308677	0
90.1922117509	0
90.193425012	0
90.1935058969	0
90.193586782	0
90.1936676671	0
90.1937485524	124.205810547
90.1938294378	782.858886719
90.1939103233	1389.62158203
90.1939912089	1136.56030273
90.1940720946	571.820007324
90.1941529804	576.700195313
90.1942338663	799.2578125
90.1943147523	770.786499023
90.1943956385	295.46685791
90.1944765247	0
90.1945574111	0
90.1946382975	0
90.1947191841	0
90.1969031628	0
90.1969840524	0
90.1970649421	0
90.197145832	0
90.1972267219	287.375427246
90.197307612	724.087646484
90.1973885021	1037.87329102
90.1974693924	937.223754883
90.1975502828	267.55255127
90.1976311733	0
90.1977120639	0
90.1977929546	0
90.1978738454	0
90.2025656991	0
90.2026465964	0
90.2027274937	0
90.2028083912	0
90.2028892887	463.330322266
90.2029701864	1044.43591309
90.2030510842	1066.48632813
90.2031319821	589.976196289
90.2032128801	156.434082031
90.2032937782	0
90.2033746764	0
90.2034555747	0
90.2035364732	0
90.204830863	0
90.2049117632	0
90.2049926636	0
90.2050735641	0
90.2051544648	416.315979004
90.2052353655	617.569885254
90.2053162663	844.447021484
90.2053971673	906.651855469
90.2054780683	347.665161133
90.2055589695	0
90.2056398707	0
90.2057207721	0
90.2058016736	0
90.2106559618	0
90.2107368699	0
90.2108177782	0
90.2108986865	0
90.2109795949	304.40045166
90.2110605035	846.932250977
90.2111414122	759.522583008
90.2112223209	655.770507813
90.2113032298	1156.38012695
90.2113841388	1474.40698242
90.2114650479	1055.50671387
90.2115459571	405.191101074
90.2116268665	0
90.2117077759	0
90.2117886854	0
90.2118695951	0
90.2822212467	0
90.2823022511	0
90.2823832557	0
90.2824642603	0
90.2825452651	231.93170166
90.2826262699	581.010070801
90.2827072749	921.830688477
90.28278828	789.481811523
90.2828692851	235.772583008
90.2829502904	0
90.2830312958	0
90.2831123013	0
90.283193307	0
90.2850564663	0
90.2851374745	0
90.2852184829	0
90.2852994913	0
90.2853804999	200.741271973
90.2854615086	684.230224609
90.2855425174	878.745117188
90.2856235262	566.035583496
90.2857045352	167.434020996
90.2857855444	0
90.2858665536	0
90.2859475629	0
90.2860285723	0
90.3216833048	0
90.3217643623	0
90.32184542	0
90.3219264777	0
90.3220075356	375.793518066
90.3220885935	734.47479248
90.3221696516	894.527099609
90.3222507098	686.869628906
90.3223317681	428.926696777
90.3224128265	0
90.3224938851	0
90.3225749437	0
90.3226560024	0
90.3503844917	0
90.3504655879	0
90.3505466842	0
90.3506277806	0
90.3507088771	521.092224121
90.3507899737	639.095336914
90.3508710704	884.969482422
90.3509521673	678.54901123
90.3510332642	292.486755371
90.3511143612	0
90.3511954584	0
90.3512765557	0
90.351357653	0
90.4355144337	0
90.4355956445	0
90.4356768554	0
90.4357580665	0
90.4358392776	400.25201416
90.4359204889	728.796386719
90.4360017002	783.33203125
90.4360829117	760.520996094
90.4361641233	803.792480469
90.436245335	737.219909668
90.4363265468	487.568054199
90.4364077587	0
90.4364889707	0
90.4365701828	0
90.4366513951	0
90.6057284625	0
90.6058099027	0
90.605891343	0
90.6059727834	0
90.6060542239	257.09375
90.6061356646	617.463439941
90.6062171053	903.224975586
90.6062985462	946.868530273
90.6063799872	1074.30187988
90.6064614282	1312.78759766
90.6065428694	1747.23901367
90.6066243107	2123.04345703
90.6067057521	2105.83642578
90.6067871937	1889.42565918
90.6068686353	1744.9765625
90.606950077	1546.40661621
90.6070315189	1234.15039063
90.6071129608	1055.67785645
90.6071944029	1003.07519531
90.6072758451	953.442016602
90.6073572874	618.046508789
90.6074387298	60.4551696777
90.6075201723	0
90.6076016149	0
90.6076830576	0
90.6077645005	0
90.6078459434	0
90.6079273865	502.374755859
90.6080088297	683.196472168
90.6080902729	699.744689941
90.6081717163	584.737243652
90.6082531598	446.025268555
90.6083346034	431.942077637
90.6084160471	602.754516602
90.608497491	696.1953125
90.6085789349	629.465637207
90.608660379	760.353271484
90.6087418231	836.087280273
90.6088232674	685.140380859
90.6089047118	538.806335449
90.6089861562	474.684204102
90.6090676008	821.946044922
90.6091490455	1103.22570801
90.6092304904	1018.6060791
90.6093119353	799.899414063
90.6093933803	593.200378418
90.6094748255	274.028869629
90.6095562707	0
90.6096377161	0
90.6097191616	0
90.6098006071	0
91.052854171	0
91.0529362148	0
91.0530182587	0
91.0531003027	0
91.0531823469	0
91.0532643911	708.268920898
91.0533464354	1443.98144531
91.0534284799	5303.14941406
91.0535105245	22287.6230469
91.0535925691	50011.9257813
91.0536746139	77659.015625
91.0537566588	90016.9765625
91.0538387038	78906.1328125
91.0539207489	50833.7109375
91.0540027942	21951.6113281
91.0540848395	4572.26220703
91.054166885	333.405090332
91.0542489305	0
91.0543309762	0
91.054413022	0
91.0544950679	0
91.0869939616	0
91.0870760515	0
91.0871581416	0
91.0872402317	0
91.087322322	179.787597656
91.0874044124	683.10736084
91.0874865029	1529.90966797
91.0875685935	2319.57666016
91.0876506842	8722.87011719
91.087732775	23721.3671875
91.087814866	42724.53125
91.087896957	55127.3203125
91.0879790482	51977.59375
91.0880611394	34986.9648438
91.0881432308	15306.7851563
91.0882253223	2950.57324219
91.0883074139	696.26763916
91.0883895056	644.669067383
91.0884715974	162.368865967
91.0885536894	0
91.0886357814	0
91.0887178736	0
91.0887999658	0
91.0910985944	0
91.0911806898	0
91.0912627854	0
91.0913448811	0
91.091426977	85.8790588379
91.0915090729	597.467651367
91.0915911689	690.341186523
91.0916732651	678.276245117
91.0917553613	479.264465332
91.0918374577	0
91.0919195542	0
91.0920016508	0
91.0920837475	0
91.0921658443	0
91.0922479412	0
91.0923300383	0
91.0924121354	408.803283691
91.0924942327	1532.40844727
91.0925763301	1702.34118652
91.0926584276	1559.44555664
91.0927405251	2775.63037109
91.0928226229	2526.66064453
91.0929047207	3476.62011719
91.0929868186	4860.36816406
91.0930689166	2738.87890625
91.0931510148	805.585449219
91.093233113	2172.05078125
91.0933152114	1115.1706543
91.0933973099	1780.19177246
91.0934794085	3513.29345703
91.0935615072	984.212402344
91.093643606	3375.76318359
91.0937257049	10375.2773438
91.093807804	12937.5732422
91.0938899031	42389.78125
91.0939720024	202701.375
91.0940541017	495049.90625
91.0941362012	837551.25
91.0942183008	1055539.75
91.0943004005	1005556.8125
91.0943825003	711923.25
91.0944646003	354602.03125
91.0945467003	108906.023438
91.0946288004	13930.9882813
91.0947109007	4385.78173828
91.0947930011	4568.18017578
91.0948751015	4809.09423828
91.0949572021	3608.37548828
91.0950393028	997.227050781
91.0951214036	3348.04541016
91.0952035046	4576.45410156
91.0952856056	3157.02734375
91.0953677067	0
91.095449808	1221.98913574
91.0955319094	1187.51367188
91.0956140108	2075.10644531
91.0956961124	3013.02929688
91.0957782141	1366.34240723
91.0958603159	452.567321777
91.0959424179	451.743530273
91.0960245199	1022.64672852
91.096106622	1238.4822998
91.0961887243	571.32220459
91.0962708267	371.909912109
91.0963529291	0
91.0964350317	0
91.0965171344	376.886779785
91.0965992372	1250.76867676
91.0966813402	1709.50720215
91.0967634432	3244.74560547
91.0968455463	8624.88476563
91.0969276496	14954.2929688
91.097009753	18644.9804688
91.0970918564	17235.2539063
91.09717396	11536.0947266
91.0972560637	5670.19677734
91.0973381675	3294.58544922
91.0974202715	2160.26464844
91.0975023755	869.983398438
91.0975844796	570.793029785
91.0976665839	480.722229004
91.0977486882	0
91.0978307927	576.295715332
91.0979128973	779.959960938
91.097995002	759.732666016
91.0980771068	308.941894531
91.0981592117	0
91.0982413168	0
91.0983234219	0
91.0984055272	0
91.1811418858	0
91.181224103	0
91.1813063204	0
91.1813885379	0
91.1814707554	409.56439209
91.1815529731	607.153198242
91.1816351909	697.594360352
91.1817174088	603.451721191
91.1817996268	483.315551758
91.181881845	0
91.1819640632	0
91.1820462816	0
91.1821285	0
91.1826218132	0
91.1827040324	0
91.1827862518	0
91.1828684712	0
91.1829506908	344.338134766
91.1830329105	567.053344727
91.1831151303	696.725097656
91.1831973502	661.847839355
91.1832795702	444.228088379
91.1833617904	483.659240723
91.1834440106	779.044189453
91.183526231	894.892822266
91.1836084514	856.530151367
91.183690672	831.385375977
91.1837728927	870.821655273
91.1838551135	843.088623047
91.1839373344	653.182495117
91.1840195554	407.505859375
91.1841017766	0
91.1841839978	0
91.1842662192	340.30456543
91.1843484406	696.08996582
91.1844306622	859.947753906
91.1845128839	756.357299805
91.1845951057	477.665405273
91.1846773276	0
91.1847595496	0
91.1848417718	0
91.184923994	0
91.1859928933	0
91.1860751171	0
91.1861573411	0
91.1862395651	0
91.1863217892	542.76373291
91.1864040135	878.534545898
91.1864862378	923.725708008
91.1865684623	669.306396484
91.1866506869	229.640106201
91.1867329116	0
91.1868151364	0
91.1868973613	0
91.1869795863	0
91.1900219905	0
91.1901042197	0
91.1901864491	0
91.1902686786	0
91.1903509082	414.577758789
91.1904331378	684.125244141
91.1905153677	857.903198242
91.1905975976	773.343139648
91.1906798276	500.228820801
91.1907620578	0
91.190844288	0
91.1909265184	0
91.1910087488	0
91.603804288	0
91.6038870776	0
91.6039698673	0
91.6040526571	0
91.604135447	527.419311523
91.604218237	652.881835938
91.6043010271	712.368347168
91.6043838174	708.40057373
91.6044666077	614.745544434
91.6045493982	359.843811035
91.6046321888	0
91.6047149795	0
91.6047977703	0
91.6048805612	0
91.8588305183	0
91.8589136538	0
91.8589967895	0
91.8590799253	0
91.8591630611	390.322875977
91.8592461971	583.259277344
91.8593293332	695.07598877
91.8594124695	724.415344238
91.8594956058	629.024658203
91.8595787422	374.693847656
91.8596618788	0
91.8597450155	0
91.8598281522	0
91.8599112891	0
92.0562624386	0
92.0563458423	0
92.0564292461	0
92.0565126501	0
92.0565960541	471.4296875
92.0566794583	576.224060059
92.0567628626	940.043457031
92.0568462669	1555.82336426
92.0569296714	1962.2677002
92.0570130761	1631.95410156
92.0570964808	1212.52783203
92.0571798856	1612.24377441
92.0572632906	1565.87463379
92.0573466957	928.539916992
92.0574301008	597.684143066
92.0575135061	350.604919434
92.0575969116	0
92.0576803171	0
92.0577637227	0
92.0578471285	0
92.061016631	0
92.0611000411	0
92.0611834514	0
92.0612668618	0
92.0613502723	398.743347168
92.0614336829	689.997436523
92.0615170937	944.48449707
92.0616005045	1052.50244141
92.0616839155	909.25012207
92.0617673266	553.294555664
92.0618507378	0
92.0619341491	0
92.0620175605	0
92.062100972	0
92.0906343659	0
92.0907178164	0
92.0908012669	0
92.0908847175	0
92.0909681683	328.783874512
92.0910516192	702.823303223
92.0911350702	847.647094727
92.0912185213	715.073120117
92.0913019725	857.474609375
92.0913854238	1036.64562988
92.0914688753	692.304443359
92.0915523269	47.9945068359
92.0916357785	0
92.0917192303	0
92.0918026822	0
92.0918861342	0
92.094306292	0
92.0943897474	0
92.0944732029	0
92.0945566586	0
92.0946401143	345.020324707
92.0947235702	817.974609375
92.0948070262	3911.05517578
92.0948904823	9126.51660156
92.0949739385	16457.3242188
92.0950573948	22726.359375
92.0951408513	23528.5800781
92.0952243078	17871.3691406
92.0953077645	9580.45996094
92.0953912212	3720.31054688
92.0954746781	1645.65393066
92.0955581351	525.598083496
92.0956415923	0
92.0957250495	0
92.0958085068	0
92.0958919643	0
92.0967265451	0
92.0968100038	0
92.0968934627	0
92.0969769216	0
92.0970603806	117.97833252
92.0971438398	585.711181641
92.0972272991	1236.34729004
92.0973107585	2098.68945313
92.097394218	3341.97851563
92.0974776776	4458.31982422
92.0975611373	4615.11474609
92.0976445971	3760.10253906
92.0977280571	2588.99902344
92.0978115172	1688.22570801
92.0978949773	1121.51196289
92.0979784376	586.799682617
92.098061898	0.915069580078
92.0981453586	0
92.0982288192	0
92.09831228	0
92.0983957408	0
93.3589301672	0
93.3590153475	0
93.3591005279	0
93.3591857084	0
93.3592708891	364.868591309
93.3593560698	608.52154541
93.3594412507	650.494934082
93.3595264317	571.629333496
93.3596116128	432.23651123
93.359696794	0
93.3597819754	0
93.3598671569	0
93.3599523384	0
93.4160271042	0
93.4161123626	0
93.4161976212	0
93.4162828799	0
93.4163681387	514.925842285
93.4164533976	690.788818359
93.4165386566	712.346801758
93.4166239158	589.883361816
93.4167091751	353.780090332
93.4167944344	0
93.416879694	0
93.4169649536	0
93.4170502133	0
93.4317166247	0
93.4318019047	0
93.4318871847	0
93.4319724649	0
93.4320577452	432.621520996
93.4321430256	673.144714355
93.4322283061	795.014404297
93.4323135867	734.260864258
93.4323988675	526.653076172
93.4324841483	0
93.4325694293	0
93.4326547104	0
93.4327399916	0
93.508686595	0
93.5087719804	0
93.5088573658	0
93.5089427514	0
93.5090281371	453.434631348
93.5091135229	581.802429199
93.5091989088	655.301330566
93.5092842948	667.599060059
93.509369681	575.503845215
93.5094550672	312.149841309
93.5095404536	0
93.5096258401	0
93.5097112268	0
93.5097966135	0
93.5196168687	0
93.519702269	0
93.5197876694	0
93.5198730699	0
93.5199584706	382.186889648
93.5200438714	609.254882813
93.5201292723	699.010742188
93.5202146733	608.373413086
93.5203000744	397.305908203
93.5203854756	0
93.520470877	0
93.5205562785	0
93.5206416801	0
93.7662270475	0
93.7663127858	0
93.7663985242	0
93.7664842628	0
93.7665700015	501.093994141
93.7666557403	588.922668457
93.7667414792	644.778991699
93.7668272182	671.328796387
93.7669129574	640.608459473
93.7669986967	530.589599609
93.767084436	0
93.7671701756	0
93.7672559152	0
93.7673416549	0
93.7826909632	0
93.7827767241	0
93.7828624851	0
93.7829482463	0
93.7830340075	526.004821777
93.7831197689	688.23638916
93.7832055304	694.911437988
93.783291292	572.153503418
93.7833770538	379.04107666
93.7834628156	0
93.7835485776	0
93.7836343397	0
93.7837201019	0
93.991093482	0
93.9911795289	0
93.991265576	0
93.9913516232	0
93.9914376705	349.024414063
93.9915237179	609.741394043
93.9916097654	763.766967773
93.991695813	747.785766602
93.9917818608	581.284912109
93.9918679087	340.346374512
93.9919539567	0
93.9920400048	0
93.992126053	0
93.9922121014	0
94.5677521558	0
94.5678389958	0
94.567925836	0
94.5680126762	0
94.5680995166	381.419921875
94.5681863571	673.388977051
94.5682731978	820.167114258
94.5683600385	754.525634766
94.5684468794	516.80645752
94.5685337203	0
94.5686205615	0
94.5687074027	0
94.568794244	0
94.5752208354	0
94.5753076857	0
94.5753945361	0
94.5754813867	0
94.5755682373	407.879699707
94.5756550881	557.331542969
94.575741939	685.352722168
94.5758287901	697.813415527
94.5759156412	588.744567871
94.5760024925	424.94934082
94.5760893439	0
94.5761761954	0
94.576263047	0
94.5763498988	0
95.205762571	0
95.2058502913	0
95.2059380117	0
95.2060257323	0
95.206113453	434.724182129
95.2062011738	567.769104004
95.2062888947	666.872314453
95.2063766157	643.552490234
95.2064643369	466.532897949
95.2065520582	0
95.2066397796	0
95.2067275011	0
95.2068152228	0
95.2759775921	0
95.2760654095	0
95.276153227	0
95.2762410446	0
95.2763288624	312.546325684
95.2764166802	583.469909668
95.2765044982	749.278076172
95.2765923163	854.74987793
95.2766801346	875.213623047
95.2767679529	758.286376953
95.2768557714	539.70715332
95.27694359	0
95.2770314087	0
95.2771192275	0
95.2772070465	0
95.278173063	0
95.2782608834	0
95.278348704	0
95.2784365246	0
95.2785243454	486.617858887
95.2786121663	758.263671875
95.2786999873	934.174194336
95.2787878085	951.824462891
95.2788756297	863.703369141
95.2789634511	821.095825195
95.2790512726	867.579711914
95.2791390943	941.548095703
95.279226916	957.724365234
95.2793147379	819.806762695
95.2794025599	497.177368164
95.279490382	0
95.2795782042	0
95.2796660266	0
95.279753849	0
95.2798416716	0
95.2799294944	0
95.2800173172	0
95.2801051402	0
95.2801929633	194.07699585
95.2802807865	586.002502441
95.2803686098	772.710083008
95.2804564332	744.985778809
95.2805442568	521.032592773
95.2806320805	0
95.2807199043	0
95.2808077283	0
95.2808955523	316.609191895
95.2809833765	759.705932617
95.2810712008	932.765014648
95.2811590252	751.08996582
95.2812468498	447.307800293
95.2813346744	0
95.2814224992	458.385009766
95.2815103241	746.440185547
95.2815981491	1017.12780762
95.2816859743	1170.35534668
95.2817737996	1192.43188477
95.281861625	1096.27416992
95.2819494505	849.228271484
95.2820372761	438.015625
95.2821251019	0
95.2822129277	0
95.2823007537	0
95.2823885799	0
95.282652059	0
95.2827398856	0
95.2828277123	0
95.2829155391	0
95.2830033661	61.6804504395
95.2830911932	676.639038086
95.2831790204	1032.07580566
95.2832668478	871.828735352
95.2833546752	388.482727051
95.2834425028	0
95.2835303305	0
95.2836181583	0
95.2837059863	0
95.2837938143	0
95.2838816425	0
95.2839694708	82.7782897949
95.2840572992	646.55065918
95.2841451278	1000.30810547
95.2842329565	891.876831055
95.2843207853	430.437011719
95.2844086142	0
95.2844964432	0
95.2845842724	427.384643555
95.2846721016	629.274902344
95.284759931	864.061523438
95.2848477606	975.976074219
95.2849355902	940.549682617
95.28502342	775.51550293
95.2851112499	511.304443359
95.2851990799	0
95.28528691	514.417114258
95.2853747402	820.467285156
95.2854625706	1093.40991211
95.2855504011	1080.78747559
95.2856382317	643.449707031
95.2857260625	94.4271240234
95.2858138933	0
95.2859017243	0
95.2859895554	0
95.2860773866	0
95.3805662306	0
95.3806541926	0
95.3807421547	0
95.380830117	0
95.3809180794	379.764160156
95.3810060419	738.08380127
95.3810940045	859.349121094
95.3811819673	776.037109375
95.3812699301	619.276733398
95.3813578931	467.939758301
95.3814458562	0
95.3815338195	0
95.3816217828	0
95.3817097463	0
95.459076733	0
95.4591648037	0
95.4592528744	0
95.4593409453	0
95.4594290163	532.873291016
95.4595170875	669.924682617
95.4596051587	717.431640625
95.4596932301	577.613891602
95.4597813016	309.514160156
95.4598693732	0
95.459957445	0
95.4600455168	0
95.4601335888	0
95.571730555	0
95.5718187816	0
95.5719070083	0
95.5719952352	0
95.5720834621	338.115478516
95.5721716892	579.650146484
95.5722599164	739.721313477
95.5723481438	729.319458008
95.5724363712	549.28125
95.5725245988	0
95.5726128265	0
95.5727010543	0
95.5727892822	0
95.7605499857	0
95.7606384739	0
95.7607269622	0
95.7608154506	0
95.7609039392	360.886230469
95.7609924279	617.456604004
95.7610809167	788.942749023
95.7611694056	801.911499023
95.7612578946	636.505187988
95.7613463838	335.893371582
95.7614348731	0
95.7615233625	0
95.761611852	0
95.7617003417	0
95.8312911677	0
95.8313797539	0
95.8314683403	0
95.8315569268	0
95.8316455135	375.48815918
95.8317341002	597.907531738
95.8318226871	722.623046875
95.8319112741	638.987243652
95.8319998612	394.115844727
95.8320884484	0
95.8321770358	0
95.8322656233	0
95.8323542109	0
96.0797259256	0
96.0798148566	0
96.0799037877	0
96.0799927189	0
96.0800816502	88.0128479004
96.0801705816	579.945068359
96.0802595132	1262.49914551
96.0803484449	1587.94921875
96.0804373767	1307.7154541
96.0805263087	659.51574707
96.0806152408	148.623626709
96.080704173	0
96.0807931053	0
96.0808820377	0
96.0809709703	0
96.1865319684	0
96.1866210477	0
96.1867101271	0
96.1867992066	0
96.1868882863	258.317199707
96.1869773661	574.882385254
96.187066446	768.521362305
96.187155526	679.552246094
96.1872446062	364.411743164
96.1873336864	0
96.1874227668	0
96.1875118474	0
96.187600928	0
96.8549723017	0
96.8550623111	0
96.8551523207	0
96.8552423305	0
96.8553323403	530.936279297
96.8554223503	745.448852539
96.8555123604	832.176757813
96.8556023706	709.634338379
96.855692381	420.559997559
96.8557823914	0
96.855872402	0
96.8559624128	0
96.8560524236	0
97.1827159249	0
97.1828063916	0
97.1828968585	0
97.1829873255	0
97.1830777926	490.158813477
97.1831682598	594.567321777
97.1832587272	630.63494873
97.1833491946	611.879821777
97.1834396623	520.90032959
97.18353013	0
97.1836205979	0
97.1837110659	0
97.183801534	0
97.9529744862	0
97.9530660306	0
97.9531575752	0
97.9532491198	0
97.9533406646	189.381225586
97.9534322095	606.28515625
97.9535237546	852.922607422
97.9536152997	895.587158203
97.953706845	738.784851074
97.9537983905	432.780273438
97.953889936	0
97.9539814817	0
97.9540730275	0
97.9541645735	0
97.9888697284	0
97.9889613231	0
97.989052918	0
97.989144513	0
97.9892361081	336.95501709
97.9893277033	590.607177734
97.9894192987	760.897094727
97.9895108942	714.245422363
97.9896024898	524.376403809
97.9896940856	0
97.9897856814	0
97.9898772775	0
97.9899688736	0
98.0952977466	0
98.0953894906	0
98.0954812347	0
98.095572979	0
98.0956647233	218.636749268
98.0957564678	1058.82897949
98.0958482125	2152.31689453
98.0959399572	3074.96826172
98.0960317021	3470.20703125
98.0961234472	3198.50683594
98.0962151923	2327.58740234
98.0963069376	1150.33886719
98.096398683	112.550170898
98.0964904285	0
98.0965821742	0
98.09667392	0
98.0967656659	0
98.1308122863	0
98.1309040801	0
98.1309958741	0
98.1310876681	0
98.1311794623	376.22064209
98.1312712567	625.182373047
98.1313630511	746.835449219
98.1314548457	703.857421875
98.1315466404	545.002319336
98.1316384353	0
98.1317302303	0
98.1318220254	0
98.1319138206	0
98.3116200713	0
98.311712119	0
98.3118041667	0
98.3118962146	0
98.3119882626	546.54498291
98.3120803108	658.698730469
98.3121723591	659.008300781
98.3122644075	603.670837402
98.312356456	478.511108398
98.3124485047	0
98.3125405535	0
98.3126326024	0
98.3127246515	0
98.5015127059	0
98.5016050203	0
98.5016973349	0
98.5017896496	0
98.5018819644	492.90423584
98.5019742794	762.000976563
98.5020665945	829.491943359
98.5021589097	657.488830566
98.5022512251	404.849487305
98.5023435406	0
98.5024358562	0
98.502528172	0
98.5026204878	0
99.2264653053	0
99.2265586407	0
99.2266519763	0
99.226745312	0
99.2268386478	566.648986816
99.2269319838	619.11706543
99.2270253199	659.463134766
99.2271186562	646.769958496
99.2272119925	564.238769531
99.227305329	0
99.2273986657	0
99.2274920024	0
99.2275853393	0
99.4439201676	0
99.44401381	0
99.4441074526	0
99.4442010953	0
99.4442947381	476.274475098
99.4443883811	713.983032227
99.4444820242	856.093994141
99.4445756674	793.183837891
99.4446693108	547.492980957
99.4447629543	0
99.4448565979	0
99.4449502416	0
99.4450438855	0
99.4588109761	0
99.4589046395	0
99.4589983031	0
99.4590919669	0
99.4591856307	403.774719238
99.4592792947	605.441711426
99.4593729589	733.070556641
99.4594666231	772.123168945
99.4595602875	688.854064941
99.459653952	460.140869141
99.4597476167	0
99.4598412815	0
99.4599349464	0
99.4600286115	0
99.6563598967	0
99.6564538393	0
99.6565477821	0
99.656641725	0
99.6567356681	302.294433594
99.6568296113	628.581176758
99.6569235546	829.697998047
99.6570174981	743.318908691
99.6571114417	442.090576172
99.6572053854	0
99.6572993293	0
99.6573932732	0
99.6574872174	0
99.6590842878	0
99.6591782343	0
99.659272181	0
99.6593661277	0
99.6594600747	449.491210938
99.6595540217	714.655456543
99.6596479689	877.662719727
99.6597419162	848.121826172
99.6598358636	677.739318848
99.6599298112	638.316772461
99.6600237589	757.966552734
99.6601177068	708.862182617
99.6602116547	440.30279541
99.6603056029	0
99.6603995511	0
99.6604934995	0
99.660587448	0
99.6611511418	0
99.6612450912	0
99.6613390408	0
99.6614329905	0
99.6615269404	396.46105957
99.6616208903	755.594116211
99.6617148404	960.130004883
99.6618087907	826.321899414
99.661902741	597.265441895
99.6619966915	586.521972656
99.6620906422	681.436584473
99.6621845929	659.678649902
99.6622785438	614.357849121
99.6623724949	655.814880371
99.662466446	663.806091309
99.6625603973	586.143920898
99.6626543488	497.695922852
99.6627483003	0
99.662842252	0
99.6629362038	0
99.6630301558	0
99.6640636361	0
99.6641575897	0
99.6642515434	0
99.6643454972	0
99.6644394512	440.580749512
99.6645334053	629.596252441
99.6646273595	778.134277344
99.6647213138	857.416137695
99.6648152683	901.488769531
99.6649092229	798.990478516
99.6650031777	427.840759277
99.6650971326	0
99.6651910876	0
99.6652850427	0
99.665378998	0
99.6654729534	0
99.665566909	0
99.6656608647	0
99.6657548205	501.048522949
99.6658487764	772.875976563
99.6659427325	850.871704102
99.6660366887	855.292236328
99.6661306451	836.323120117
99.6662246015	683.900024414
99.6663185582	378.737487793
99.6664125149	0
99.6665064718	0
99.6666004288	0
99.6666943859	0
99.6706407059	0
99.6707346688	0
99.6708286318	0
99.6709225949	0
99.6710165581	224.714172363
99.6711105215	588.626953125
99.671204485	883.492919922
99.6712984487	958.778198242
99.6713924125	847.850585938
99.6714863764	686.530578613
99.6715803405	512.285400391
99.6716743046	0
99.671768269	0
99.6718622334	0
99.671956198	0
100.074399872	0
100.074494406	0
100.074588941	0
100.074683475	0
100.07477801	48.4784851074
100.074872545	877.062011719
100.07496708	1779.46374512
100.075061615	3407.71142578
100.075156151	5772.49121094
100.075250686	7146.08642578
100.075345222	6540.01611328
100.075439757	4885.13720703
100.075534293	3554.43457031
100.075628829	2369.77099609
100.075723365	1003.74584961
100.075817902	0
100.075912438	0
100.076006974	0
100.076101511	0
100.076196048	0
100.110994688	0
100.111089274	0
100.111183861	0
100.111278447	0
100.111373034	512.803649902
100.11146762	1208.04968262
100.111562207	2070.97216797
100.111656794	2663.18798828
100.111751382	2718.53417969
100.111845969	2111.39599609
100.111940556	1120.81811523
100.112035144	278.744445801
100.112129732	0
100.11222432	0
100.112318908	0
100.112413496	0
100.556368178	0
100.556463397	0
100.556558615	0
100.556653833	0
100.556749052	535.97277832
100.55684427	704.200561523
100.556939489	826.966308594
100.557034708	778.406494141
100.557129927	522.94909668
100.557225147	0
100.557320366	0
100.557415585	0
100.557510805	0
100.856786141	0
100.856881786	0
100.856977431	0
100.857073076	0
100.857168722	468.025024414
100.857264368	605.879699707
100.857360014	655.623901367
100.85745566	601.460266113
100.857551306	530.257507324
100.857646952	0
100.857742598	0
100.857838245	0
100.857933891	0
101.106212011	0
101.106308011	0
101.106404011	0
101.106500012	0
101.106596012	131.685882568
101.106692013	623.670043945
101.106788014	1153.55175781
101.106884015	1275.35400391
101.106980016	788.551879883
101.107076017	167.783752441
101.107172019	0
101.10726802	0
101.107364022	0
101.107460024	0
101.631740524	0
101.631837274	0
101.631934024	0
101.632030774	0
101.632127524	347.023986816
101.632224274	676.410827637
101.632321024	921.796508789
101.632417775	963.880126953
101.632514525	799.365722656
101.632611276	558.934020996
101.632708027	0
101.632804778	0
101.632901529	0
101.63299828	0
102.08994205	0
102.090039455	0
102.09013686	0
102.090234265	0
102.09033167	496.043151855
102.090429075	606.055908203
102.09052648	1241.12768555
102.090623886	5927.73242188
102.090721291	17143.2675781
102.090818697	34206.3945313
102.090916103	51013.9804688
102.091013509	57259.3203125
102.091110915	47471.7929688
102.091208322	27560
102.091305728	9656.34863281
102.091403135	1052.33374023
102.091500542	471.141784668
102.091597948	0
102.091695355	0
102.091792763	0
102.09189017	0
102.126478578	0
102.126576035	0
102.126673492	0
102.126770949	0
102.126868407	374.43347168
102.126965864	656.171081543
102.127063322	1204.93432617
102.12716078	1757.39367676
102.127258237	2137.4921875
102.127355696	2280.76660156
102.127453154	2124.72119141
102.127550612	1767.48693848
102.127648071	1320.39318848
102.127745529	719.079162598
102.127842988	86.4700927734
102.127940447	0
102.128037906	0
102.128135365	0
102.128232825	0
103.093634361	0
103.093733206	0
103.09383205	0
103.093930895	0
103.09402974	497.745239258
103.094128585	859.74206543
103.094227431	1086.73986816
103.094326276	1041.76074219
103.094425122	854.610961914
103.094523968	717.275939941
103.094622814	569.869689941
103.09472166	0
103.094820506	0
103.094919352	0
103.095018199	0
104.10578164	0
104.105881944	0
104.105982248	0
104.106082552	0
104.106182856	491.009765625
104.10628316	2899.20263672
104.106383465	5581.07519531
104.10648377	7770.421875
104.106584075	9001.85742188
104.10668438	8869.53515625
104.106784685	7194.79101563
104.10688499	4473.70117188
104.106985296	1754.02929688
104.107085601	595.715148926
104.107185907	770.672851563
104.107286213	456.588623047
104.107386519	0
104.107486825	0
104.107587131	0
104.107687438	0
104.345217761	0
104.345318411	0
104.345419062	0
104.345519712	0
104.345620363	397.556945801
104.345721013	604.801208496
104.345821664	731.309387207
104.345922315	641.761535645
104.346022966	396.566040039
104.346123617	0
104.346224269	0
104.34632492	0
104.346425572	0
104.348438636	0
104.348539291	0
104.348639946	0
104.348740601	0
104.348841256	480.286499023
104.348941911	749.336181641
104.349042567	826.144042969
104.349143223	747.177368164
104.349243878	587.752197266
104.349344534	484.008666992
104.34944519	729.480163574
104.349545847	1050.71069336
104.349646503	1011.73242188
104.349747159	589.709777832
104.349847816	131.158996582
104.349948473	0
104.35004913	0
104.350149787	354.29119873
104.350250444	842.881103516
104.350351101	936.905883789
104.350451759	587.800598145
104.350552417	161.115753174
104.350653074	349.684326172
104.350753732	638.406005859
104.35085439	728.803283691
104.350955049	619.05456543
104.351055707	426.487060547
104.351156366	433.115356445
104.351257024	609.958129883
104.351357683	811.136962891
104.351458342	1048.1697998
104.351559001	1229.2322998
104.35165966	1150.35620117
104.35176032	902.095947266
104.351860979	1175.97546387
104.351961639	1701.17956543
104.352062299	1688.89111328
104.352162959	985.561279297
104.352263619	13.797454834
104.352364279	0
104.35246494	0
104.3525656	0
104.352666261	0
104.352766922	0
104.352867583	379.195068359
104.352968244	757.218383789
104.353068905	1060.8092041
104.353169567	1094.75610352
104.353270228	919.085693359
104.35337089	699.216430664
104.353471552	473.549987793
104.353572214	0
104.353672876	0
104.353773538	478.704528809
104.353874201	578.263916016
104.353974864	644.934509277
104.354075526	630.545043945
104.354176189	566.74041748
104.354276852	0
104.354377515	554.920776367
104.354478179	638.885986328
104.354578842	811.430419922
104.354679506	1069.3861084
104.35478017	1227.67797852
104.354880834	1060.58520508
104.354981498	653.273071289
104.355082162	472.788635254
104.355182826	672.283752441
104.355283491	936.466674805
104.355384155	1042.25646973
104.35548482	869.593505859
104.355585485	505.611206055
104.35568615	0
104.355786815	0
104.355887481	0
104.355988146	0
104.356290144	0
104.35639081	0
104.356491476	0
104.356592143	0
104.356692809	440.775512695
104.356793476	632.688537598
104.356894143	804.455810547
104.35699481	858.44519043
104.357095477	658.266601563
104.357196144	180.83505249
104.357296811	0
104.357397479	0
104.357498147	0
104.357598815	0
104.358001487	0
104.358102156	0
104.358202825	0
104.358303494	0
104.358404163	501.678833008
104.358504832	663.130737305
104.358605501	747.438598633
104.358706171	744.98614502
104.35880684	672.699768066
104.35890751	577.878967285
104.35900818	637.080383301
104.35910885	772.017944336
104.35920952	775.77331543
104.35931019	655.881774902
104.359410861	522.410766602
104.359511531	0
104.359612202	0
104.359712873	0
104.359813544	0
105.068604978	0
105.068706677	0
105.068808376	0
105.068910074	0
105.069011773	546.173034668
105.069113473	1771.04333496
105.069215172	3995.32275391
105.069316871	6569.61083984
105.069418571	8900.14453125
105.069520271	10098.3046875
105.06962197	9288.76757813
105.069723671	6616.14550781
105.069825371	3356.76318359
105.069927071	857.267456055
105.070028771	318.248962402
105.070130472	0
105.070232173	0
105.070333874	0
105.070435575	0
105.660128552	0
105.660231111	0
105.660333669	0
105.660436228	0
105.660538787	362.051452637
105.660641346	574.934570313
105.660743906	689.682312012
105.660846465	620.571838379
105.660949025	362.968811035
105.661051585	0
105.661154144	0
105.661256705	0
105.661359265	0
107.451309023	0
107.4514142	0
107.451519378	0
107.451624556	0
107.451729734	520.086608887
107.451834912	755.52722168
107.45194009	803.057495117
107.452045269	678.982971191
107.452150447	465.243164063
107.452255626	0
107.452360805	0
107.452465984	0
107.452571163	0
107.542134684	0
107.542239995	0
107.542345306	0
107.542450617	0
107.542555929	505.270507813
107.54266124	588.434631348
107.542766552	606.851257324
107.542871864	584.846191406
107.542977176	504.878967285
107.543082488	0
107.5431878	0
107.543293112	0
107.543398425	0
107.848187743	0
107.848293504	0
107.848399265	0
107.848505026	0
107.848610787	375.979370117
107.848716549	689.580932617
107.84882231	858.071655273
107.848928072	846.737792969
107.849033834	646.475891113
107.849139596	316.759399414
107.849245358	0
107.84935112	0
107.849456883	0
107.849562646	0
107.987185741	0
107.987291706	0
107.987397671	0
107.987503637	0
107.987609603	338.517700195
107.987715569	650.519165039
107.987821535	780.717529297
107.987927501	683.130004883
107.988033467	425.25378418
107.988139434	0
107.988245401	0
107.988351368	0
107.988457335	0
108.079965046	0
108.080071147	0
108.08017725	0
108.080283352	0
108.080389454	215.242706299
108.080495557	656.323852539
108.080601659	835.589477539
108.080707762	729.677490234
108.080813865	513.526367188
108.080919968	0
108.081026071	0
108.081132175	0
108.081238279	0
108.216116062	0
108.216222364	0
108.216328667	0
108.21643497	0
108.216541273	313.475036621
108.216647576	609.073486328
108.216753879	792.451782227
108.216860182	786.536010742
108.216966486	609.61328125
108.217072789	346.377807617
108.217179093	0
108.217285397	0
108.217391701	0
108.217498006	0
108.37350873	0
108.373615264	0
108.373721799	0
108.373828333	0
108.373934868	386.12878418
108.374041403	681.629455566
108.374147939	817.228515625
108.374254474	791.233276367
108.37436101	636.243286133
108.374467545	403.903686523
108.374574081	0
108.374680617	0
108.374787153	0
108.37489369	0
109.249381068	0
109.249488897	0
109.249596725	0
109.249704554	0
109.249812383	270.83380127
109.249920212	624.128845215
109.250028042	838.579833984
109.250135871	844.563476563
109.250243701	676.485656738
109.250351531	450.760314941
109.250459361	0
109.250567191	0
109.250675021	0
109.250782852	0
109.345519643	0
109.345627614	0
109.345735585	0
109.345843556	0
109.345951527	488.072814941
109.346059499	608.831665039
109.346167471	654.348876953
109.346275443	608.582397461
109.346383415	413.930114746
109.346491387	0
109.346599359	0
109.346707332	0
109.346815304	0
109.380942682	0
109.381050705	0
109.381158729	0
109.381266752	0
109.381374776	359.872009277
109.3814828	1031.78344727
109.381590825	1345.05712891
109.381698849	1172.11877441
109.381806873	723.787841797
109.381914898	289.478271484
109.382022923	0
109.382130948	0
109.382238973	0
109.382346998	0
109.382455024	410.863037109
109.382563049	583.66809082
109.382671075	837.515136719
109.382779101	990.299438477
109.382887127	1007.13110352
109.382995154	1039.68823242
109.38310318	1053.26806641
109.383211207	891.780273438
109.383319233	612.932189941
109.38342726	480.243835449
109.383535287	662.031005859
109.383643315	884.979980469
109.383751342	865.271850586
109.383859369	594.382263184
109.383967397	307.799560547
109.384075425	0
109.384183453	0
109.384291481	0
109.38439951	0
109.411087414	0
109.411195482	0
109.41130355	0
109.411411619	0
109.411519687	249.726074219
109.411627756	600.3125
109.411735825	775.975830078
109.411843894	729.83581543
109.411951963	581.25378418
109.412060032	468.346984863
109.412168102	0
109.412276171	0
109.412384241	0
109.412492311	0
109.621366093	0
109.621474472	0
109.621582852	0
109.621691232	0
109.621799613	361.234619141
109.621907993	608.806091309
109.622016374	704.18157959
109.622124754	631.039306641
109.622233135	401.961914063
109.622341516	0
109.622449897	0
109.622558279	0
109.62266666	0
109.771626222	0
109.771734825	0
109.771843428	0
109.771952031	0
109.772060634	475.800415039
109.772169237	671.470092773
109.772277841	755.578735352
109.772386444	685.481262207
109.772495048	483.18157959
109.772603652	0
109.772712256	0
109.77282086	0
109.772929465	0
110.480085062	0
110.480194718	0
110.480304374	0
110.48041403	0
110.480523686	445.38458252
110.480633343	574.138916016
110.480742999	653.973937988
110.480852656	651.539428711
110.480962313	591.454711914
110.48107197	457.531860352
110.481181627	0
110.481291284	0
110.481400942	0
110.4815106	0
110.648599	0
110.648708906	0
110.648818813	0
110.64892872	0
110.649038628	494.411560059
110.649148535	713.567810059
110.649258442	762.530395508
110.64936835	593.622253418
110.649478258	281.987976074
110.649588166	0
110.649698074	0
110.649807982	0
110.649917891	0
110.724143509	0
110.724253528	0
110.724363548	0
110.724473567	0
110.724583587	483.262756348
110.724693607	659.903259277
110.724803627	733.646179199
110.724913647	622.744018555
110.725023668	357.022583008
110.725133688	0
110.725243709	0
110.72535373	0
110.725463751	0
111.031625981	0
111.031736459	0
111.031846937	0
111.031957415	0
111.032067894	429.163818359
111.032178372	583.21685791
111.032288851	674.153564453
111.03239933	706.000732422
111.032509809	692.760620117
111.032620288	617.796081543
111.032730768	437.828063965
111.032841247	0
111.032951727	0
111.033062207	0
111.033172687	0
111.353815886	0
111.353926845	0
111.354037804	0
111.354148764	0
111.354259723	442.514404297
111.354370683	655.024597168
111.354481643	801.378540039
111.354592603	769.260864258
111.354703563	539.720703125
111.354814524	0
111.354925484	0
111.355036445	0
111.355147406	0
112.003872247	0
112.003984179	0
112.004096111	0
112.004208043	0
112.004319976	371.297973633
112.004431909	568.91394043
112.004543842	667.066711426
112.004655775	638.344970703
112.004767708	472.553527832
112.004879642	0
112.004991576	0
112.005103509	0
112.005215443	0
112.071733901	0
112.071845935	0
112.071957969	0
112.072070003	0
112.072182038	88.6198730469
112.072294072	1277.64135742
112.072406107	1909.73718262
112.072518142	5355.31542969
112.072630177	20075.4179688
112.072742212	41459.5742188
112.072854247	59205.2890625
112.072966283	62566.9804688
112.073078319	49300.2929688
112.073190355	27853.6308594
112.073302391	9891.59082031
112.073414427	1123.87658691
112.073526463	577.305541992
112.0736385	258.716186523
112.073750537	0
112.073862574	0
112.073974611	0
112.074086648	0
113.075641425	0
113.075754967	0
113.07586851	0
113.075982053	0
113.076095596	331.704528809
113.07620914	828.175415039
113.076322683	1088.34863281
113.076436227	908.896972656
113.076549771	511.757995605
113.076663315	0
113.076776859	0
113.076890403	0
113.077003947	0
113.330064596	0
113.330178523	0
113.330292449	0
113.330406375	0
113.330520302	394.366027832
113.330634228	777.594116211
113.330748155	907.879150391
113.330862082	723.591430664
113.33097601	401.188598633
113.331089937	0
113.331203865	0
113.331317792	0
113.33143172	0
113.590034323	0
113.590148641	0
113.59026296	0
113.590377278	0
113.590491597	333.269897461
113.590605916	572.950561523
113.590720235	701.084960938
113.590834555	656.775268555
113.590948874	472.125915527
113.591063194	0
113.591177513	0
113.591291833	0
113.591406154	0
113.650418387	0
113.650532797	0
113.650647206	0
113.650761616	0
113.650876026	407.604675293
113.650990436	591.410705566
113.651104846	691.219970703
113.651219257	687.527709961
113.651333667	580.970458984
113.651448078	396.238586426
113.651562489	0
113.6516769	0
113.651791312	0
113.651905723	0
113.666322956	0
113.666437389	0
113.666551823	0
113.666666257	0
113.666780691	376.66229248
113.666895125	590.575927734
113.667009559	651.172058105
113.667123994	575.959533691
113.667238428	477.739562988
113.667352863	0
113.667467298	0
113.667581733	0
113.667696169	0
113.772018609	0
113.772133203	0
113.772247796	0
113.772362389	0
113.772476983	454.930053711
113.772591577	652.322265625
113.772706171	743.640686035
113.772820765	655.645385742
113.772935359	381.099853516
113.773049954	0
113.773164548	0
113.773279143	0
113.773393738	0
114.141101547	0
114.141216699	0
114.14133185	0
114.141447001	0
114.141562153	379.955078125
114.141677305	638.95904541
114.141792457	778.581298828
114.141907609	625.283447266
114.142022762	257.228942871
114.142137914	0
114.142253067	0
114.14236822	0
114.142483373	0
114.776845692	0
114.776961807	0
114.777077921	0
114.777194036	0
114.777310152	512.783508301
114.777426267	655.784790039
114.777542382	678.253173828
114.777658498	679.442871094
114.777774614	697.339355469
114.77789073	683.048950195
114.778006846	609.948303223
114.778122962	568.038757324
114.778239079	674.247558594
114.778355195	812.55456543
114.778471312	817.286010742
114.778587429	702.230529785
114.778703546	586.680725098
114.778819664	550.376098633
114.778935781	596.162475586
114.779051899	695.00970459
114.779168017	825.312866211
114.779284135	955.793823242
114.779400253	993.827270508
114.779516372	837.584838867
114.77963249	445.910339355
114.779748609	0
114.779864728	0
114.779980847	0
114.780096967	0
114.780561446	0
114.780677566	0
114.780793686	0
114.780909807	0
114.781025928	411.639831543
114.781142049	667.894470215
114.78125817	804.781738281
114.781374291	914.119628906
114.781490412	805.723266602
114.781606534	396.421447754
114.781722656	0
114.781838778	0
114.7819549	566.30267334
114.782071022	675.215209961
114.782187145	772.036132813
114.782303267	825.212036133
114.78241939	773.786132813
114.782535513	595.406311035
114.782651636	327.270690918
114.78276776	0
114.782883883	0
114.783000007	0
114.783116131	0
114.783232255	0
114.783348379	0
114.783464504	0
114.783580628	515.598693848
114.783696753	733.418212891
114.783812878	857.741088867
114.783929003	824.374267578
114.784045129	698.228942871
114.784161254	570.149169922
114.78427738	461.324279785
114.784393506	0
114.784509632	0
114.784625758	0
114.784741884	0
115.109538507	0
115.109655127	0
115.109771747	0
115.109888367	0
115.110004987	507.397216797
115.110121608	599.796936035
115.110238228	644.215576172
115.110354849	584.274963379
115.11047147	433.088806152
115.110588091	0
115.110704713	0
115.110821334	0
115.110937956	0
115.121784553	0
115.121901191	0
115.12201783	0
115.122134468	0
115.122251107	273.88079834
115.122367746	807.080932617
115.122484386	1436.99133301
115.122601025	1586.8092041
115.122717665	1139.73071289
115.122834305	542.657470703
115.122950945	0
115.123067585	0
115.123184225	0
115.123300866	0
115.289693897	0
115.289810791	0
115.289927685	0
115.290044579	0
115.290161473	446.977600098
115.290278368	653.367004395
115.290395262	714.373718262
115.290512157	579.710205078
115.290629052	328.777770996
115.290745947	0
115.290862842	0
115.290979738	0
115.291096633	0
115.864849341	0
115.86496711	0
115.86508488	0
115.86520265	0
115.86532042	460.307189941
115.86543819	585.920471191
115.86555596	653.47857666
115.865673731	628.88067627
115.865791502	529.928710938
115.865909273	0
115.866027044	0
115.866144815	0
115.866262587	0
116.103819186	0
116.10393732	0
116.104055454	0
116.104173589	0
116.104291723	233.661010742
116.104409858	1337.03979492
116.104527993	2302.19140625
116.104646128	2499.32275391
116.104764264	2485.0390625
116.104882399	1992.97961426
116.105000535	549.183166504
116.105118671	564.425292969
116.105236807	1064.07275391
116.105354943	665.015686035
116.105473079	1296.40795898
116.105591216	1476.81079102
116.105709352	160.492340088
116.105827489	2195.56835938
116.105945626	5516.83544922
116.106063764	4065.1484375
116.106181901	28606.6953125
116.106300039	123579.3125
116.106418177	287447.625
116.106536315	458943.6875
116.106654453	537189.25
116.106772591	467441.8125
116.10689073	295931.4375
116.107008868	127165.054688
116.107127007	31103.7441406
116.107245146	1955.83166504
116.107363286	2303.25537109
116.107481425	537.291809082
116.107599565	1893.2791748
116.107717705	900.74597168
116.107835845	701.56439209
116.107953985	933.36340332
116.108072125	1448.45092773
116.108190266	721.905517578
116.108308406	68.4028625488
116.108426547	0
116.108544688	0
116.10866283	0
116.108780971	0
116.182181637	0
116.18229989	0
116.182418144	0
116.182536398	0
116.182654652	431.32220459
116.182772907	573.928100586
116.182891161	650.15032959
116.183009416	605.165771484
116.183127671	452.2109375
116.183245926	0
116.183364181	0
116.183482437	0
116.183600692	0
116.3347606	0
116.334879086	0
116.334997573	0
116.33511606	0
116.335234547	332.429626465
116.335353035	607.614440918
116.335471522	680.286621094
116.33559001	577.655029297
116.335708498	425.389770508
116.335826986	0
116.335945475	0
116.336063963	0
116.336182452	0
116.962663207	0
116.962782654	0
116.962902102	0
116.963021549	0
116.963140997	397.476074219
116.963260445	698.260864258
116.963379893	751.986572266
116.963499342	601.077331543
116.96361879	363.266662598
116.963738239	0
116.963857688	0
116.963977137	0
116.964096586	0
117.108884035	0
117.109003707	0
117.109123378	0
117.10924305	0
117.109362722	538.433349609
117.109482394	1782.32824707
117.109602066	3944.06445313
117.109721738	6344.76464844
117.109841411	8342.45214844
117.109961084	9504.89160156
117.110080757	9361.84472656
117.11020043	7611.28173828
117.110320103	4850.01220703
117.110439777	2292.29833984
117.11055945	587.759399414
117.110679124	23.8356933594
117.110798798	0
117.110918473	0
117.111038147	0
117.111157822	0
117.941179757	0
117.941300707	0
117.941421656	0
117.941542606	0
117.941663556	475.52154541
117.941784506	576.832824707
117.941905456	580.480712891
117.942026407	605.833740234
117.942147357	627.100830078
117.942268308	547.612976074
117.942389259	0
117.94251021	0
117.942631162	0
117.942752113	0
118.063796863	0
118.063918001	0
118.064039139	0
118.064160277	0
118.064281416	547.795898438
118.064402555	1047.22912598
118.064523693	1477.56018066
118.064644833	1667.37097168
118.064765972	1539.37316895
118.064887111	1236.88305664
118.065008251	928.44140625
118.065129391	610.689880371
118.065250531	354.536743164
118.065371671	0
118.065492812	0
118.065613952	0
118.065735093	0
118.084877681	0
118.084998851	0
118.085120022	0
118.085241193	0
118.085362364	110.971038818
118.085483535	702.257995605
118.085604706	1362.21008301
118.085725878	1783.01428223
118.085847049	1648.3807373
118.085968221	1045.62414551
118.086089394	542.341308594
118.086210566	0
118.086331738	0
118.086452911	0
118.086574084	0
118.120994728	0
118.121115954	0
118.12123718	0
118.121358407	0
118.121479633	20.803894043
118.12160086	890.590454102
118.121722087	2110.49511719
118.121843314	5228.69335938
118.121964542	15483.9091797
118.122085769	30835.9453125
118.122206997	43786.6328125
118.122328225	46067.8046875
118.122449453	35793.46875
118.122570681	19654.1347656
118.12269191	7010.44140625
118.122813138	1997.67297363
118.122934367	520.319702148
118.123055596	0
118.123176825	0
118.123298055	0
118.123419284	0
118.495744892	0
118.495866695	0
118.495988499	0
118.496110303	0
118.496232107	430.688049316
118.496353911	676.990356445
118.496475715	766.481445313
118.49659752	692.232971191
118.496719324	549.531433105
118.496841129	0
118.496962934	0
118.49708474	0
118.497206545	0
118.670604117	0
118.67072619	0
118.670848263	0
118.670970336	0
118.67109241	382.591247559
118.671214484	655.127685547
118.671336558	816.459106445
118.671458632	746.641357422
118.671580707	438.747741699
118.671702781	0
118.671824856	0
118.671946931	0
118.672069006	0
119.05116405	0
119.051286711	0
119.051409372	0
119.051532033	0
119.051654694	91.0190124512
119.051777356	709.061584473
119.051900018	1399.3359375
119.05202268	1719.62487793
119.052145342	1583.71789551
119.052268004	1187.60095215
119.052390667	609.463439941
119.052513329	261.589904785
119.052635992	0
119.052758655	0
119.052881318	0
119.053003982	0
119.124671826	0
119.124794601	0
119.124917375	0
119.12504015	0
119.125162925	0
119.1252857	714.370666504
119.125408476	1241.8260498
119.125531251	1026.13171387
119.125654027	312.68963623
119.125776803	0
119.125899579	0
119.126022355	0
119.126145132	0
119.854835299	0
119.854959204	0
119.855083109	0
119.855207014	0
119.85533092	428.20501709
119.855454825	786.787109375
119.855578731	967.5234375
119.855702637	875.936401367
119.855826543	589.67376709
119.85595045	266.480895996
119.856074357	0
119.856198263	0
119.856322171	0
119.856446078	0
120.077554404	0
120.077678655	0
120.077802906	0
120.077927156	0
120.078051407	209.323486328
120.078175659	1046.74584961
120.07829991	935.807128906
120.078424162	957.162475586
120.078548414	1373.72497559
120.078672666	562.614318848
120.078796918	713.446105957
120.07892117	1142.81262207
120.079045423	678.194580078
120.079169676	156.317810059
120.079293929	0
120.079418182	0
120.079542435	509.959228516
120.079666689	2812.03808594
120.079790942	4569.37792969
120.079915196	12473.7265625
120.08003945	72777.8515625
120.080163705	194237.046875
120.080287959	338393.03125
120.080412214	423780.71875
120.080536469	392131.46875
120.080660724	265017.1875
120.080784979	123734.507813
120.080909235	34702.9492188
120.08103349	3824.18017578
120.081157746	989.808227539
120.081282002	605.406799316
120.081406259	1859.10803223
120.081530515	1504.55297852
120.081654772	0
120.081779028	727.767089844
120.081903285	1347.87512207
120.082027543	799.928344727
120.0821518	0
120.082276058	654.604736328
120.082400315	960.130004883
120.082524573	731.299682617
120.082648832	312.694519043
120.08277309	0
120.082897349	0
120.083021607	0
120.083145866	0
120.257297726	0
120.257422255	0
120.257546785	0
120.257671315	0
120.257795845	372.367919922
120.257920375	659.65612793
120.258044906	760.888061523
120.258169437	686.719909668
120.258293968	536.536499023
120.258418499	0
120.25854303	0
120.258667561	0
120.258792093	0
120.494627985	0
120.494752883	0
120.494877782	0
120.49500268	0
120.495127579	379.264953613
120.495252478	595.469787598
120.495377378	711.542114258
120.495502277	675.877807617
120.495627177	534.865478516
120.495752077	0
120.495876977	0
120.496001877	0
120.496126778	0
120.591232404	0
120.591357452	0
120.591482501	0
120.59160755	0
120.591732599	470.209716797
120.591857649	709.721252441
120.591982698	877.164794922
120.592107748	726.045227051
120.592232798	322.838684082
120.592357848	0
120.592482899	0
120.592607949	0
120.592733	0
120.592858051	0
120.592983102	0
120.593108153	0
120.593233205	338.672912598
120.593358256	594.989746094
120.593483308	850.018432617
120.593608361	902.309448242
120.593733413	698.304443359
120.593858465	400.473266602
120.593983518	0
120.594108571	0
120.594233624	0
120.594358677	0
120.594733838	0
120.594858892	0
120.594983947	0
120.595109001	0
120.595234056	407.49786377
120.59535911	637.647583008
120.595484165	811.942871094
120.595609221	845.262207031
120.595734276	810.240356445
120.595859332	727.24017334
120.595984388	568.328308105
120.596109444	0
120.5962345	0
120.596359556	0
120.596484613	0
120.598235425	0
120.598360485	0
120.598485545	0
120.598610604	0
120.598735664	149.544952393
120.598860725	602.846923828
120.598985785	912.73840332
120.599110846	872.904663086
120.599235907	551.247680664
120.599360968	0
120.599486029	0
120.599611091	0
120.599736152	0
120.600736652	0
120.600861716	0
120.600986779	0
120.601111843	0
120.601236907	470.893310547
120.601361971	611.253967285
120.601487036	638.942871094
120.6016121	585.074462891
120.601737165	460.886230469
120.60186223	0
120.601987295	0
120.60211236	0
120.602237426	0
121.063673795	0
121.063799579	0
121.063925364	0
121.064051148	0
121.064176933	445.088378906
121.064302718	769.384765625
121.064428503	888.992919922
121.064554288	646.446594238
121.064680074	204.197296143
121.06480586	0
121.064931646	0
121.065057432	0
121.065183218	0
121.082543613	0
121.082669427	0
121.082795241	0
121.082921055	0
121.083046869	289.910461426
121.083172683	972.829101563
121.083298498	1802.43395996
121.083424313	3823.75439453
121.083550128	6891.80566406
121.083675943	9452.38867188
121.083801758	10225.2138672
121.083927574	8878.50585938
121.08405339	5990.79492188
121.084179205	3001.57324219
121.084305022	1403.10571289
121.084430838	608.312072754
121.084556654	88.4243164063
121.084682471	0
121.084808288	0
121.084934105	0
121.085059923	0
121.543831607	0
121.54395814	0
121.544084673	0
121.544211207	0
121.544337741	418.196166992
121.544464275	618.596557617
121.544590809	727.162658691
121.544717343	656.739318848
121.544843878	439.045410156
121.544970413	0
121.545096948	0
121.545223483	0
121.545350018	0
121.859131663	0
121.859258689	0
121.859385715	0
121.859512742	0
121.859639768	303.774353027
121.859766795	620.214233398
121.859893822	722.606018066
121.860020849	609.620239258
121.860147876	359.436462402
121.860274904	0
121.860401932	0
121.86052896	0
121.860655988	0
122.094724557	0
122.094851952	0
122.094979346	0
122.095106741	0
122.095234136	447.815795898
122.095361532	1778.91955566
122.095488927	1464.79504395
122.095616323	17873.640625
122.095743719	64103.1210938
122.095871115	136535.859375
122.095998511	203222.03125
122.096125907	221973.078125
122.096253304	178690.359375
122.096380701	102437.929688
122.096508098	37955.0273438
122.096635495	7009.13427734
122.096762893	1041.96472168
122.096890291	1591.07788086
122.097017688	690.679321289
122.097145086	521.643310547
122.097272485	0
122.097399883	0
122.097527282	0
122.097654681	0
122.202188908	0
122.20231647	0
122.202444033	0
122.202571596	0
122.20269916	405.334716797
122.202826723	568.799072266
122.202954287	706.054077148
122.203081851	790.684448242
122.203209415	756.330444336
122.203336979	567.999267578
122.203464544	0
122.203592108	0
122.203719673	0
122.203847238	0
122.616670725	0
122.616798937	0
122.616927149	0
122.617055362	0
122.617183575	237.709777832
122.617311788	672.507080078
122.617440001	825.5078125
122.617568215	660.661193848
122.617696428	252.639404297
122.617824642	0
122.617952856	0
122.61808107	0
122.618209285	0
122.977098474	0
122.977227252	0
122.97735603	0
122.977484808	0
122.977613587	274.610839844
122.977742366	601.51739502
122.977871145	808.251098633
122.977999924	727.573364258
122.978128703	439.039733887
122.978257483	0
122.978386263	0
122.978515043	0
122.978643823	0
123.040095051	0
123.040223928	0
123.040352805	0
123.040481682	0
123.04061056	529.516479492
123.040739438	654.549133301
123.040868316	719.725830078
123.040997194	637.22467041
123.041126072	358.872497559
123.041254951	0
123.04138383	0
123.041512708	0
123.041641588	0
123.098239108	0
123.098368076	0
123.098497045	0
123.098626014	0
123.098754983	178.56350708
123.098883952	656.419677734
123.099012921	1551.40991211
123.099141891	2835.30566406
123.09927086	4182.375
123.09939983	5422.71630859
123.0995288	6123.05175781
123.099657771	5493.68164063
123.099786741	3584.91894531
123.099915712	1497.02453613
123.100044683	185.136199951
123.100173654	0
123.100302625	0
123.100431597	0
123.100560569	0
124.646248886	0
124.646380295	0
124.646511704	0
124.646643113	0
124.646774522	444.669921875
124.646905932	643.725708008
124.647037342	690.927734375
124.647168751	596.877441406
124.647300162	400.803161621
124.647431572	0
124.647562982	0
124.647694393	0
124.647825804	0
124.751968588	0
124.752100164	0
124.75223174	0
124.752363317	0
124.752494893	554.112304688
124.75262647	689.026733398
124.752758047	690.432922363
124.752889624	611.726806641
124.753021201	543.500854492
124.753152779	0
124.753284357	0
124.753415935	0
124.753547513	0
125.000755187	0
125.000887157	0
125.001019127	0
125.001151097	0
125.001283067	352.372924805
125.001415038	599.185058594
125.001547008	736.071838379
125.001678979	661.157409668
125.001810951	394.774780273
125.001942922	0
125.002074893	0
125.002206865	0
125.002338837	0
125.169979856	0
125.170112094	0
125.170244332	0
125.17037657	0
125.170508809	452.247802734
125.170641047	648.133239746
125.170773286	715.943359375
125.170905525	611.337768555
125.171037764	427.873535156
125.171170004	0
125.171302243	0
125.171434483	0
125.171566723	0
126.854846718	0
126.854981635	0
126.855116552	0
126.855251469	0
126.855386386	219.950073242
126.855521304	615.637939453
126.855656222	860.75390625
126.85579114	719.969848633
126.855926058	241.799621582
126.856060976	0
126.856195895	0
126.856330814	0
126.856465733	0
126.856600652	0
126.856735572	0
126.856870492	0
126.857005412	0
126.857140332	450.356628418
126.857275252	798.014648438
126.857410173	1031.55834961
126.857545094	1091.42541504
126.857680015	972.994018555
126.857814936	739.63494873
126.857949857	547.674926758
126.858084779	575.112426758
126.858219701	851.758300781
126.858354623	1190.89306641
126.858489546	1338.05444336
126.858624468	1166.41479492
126.858759391	717.311157227
126.858894314	149.172729492
126.859029237	171.674621582
126.85916416	656.645935059
126.859299084	967.013305664
126.859434008	1059.88842773
126.859568932	986.788452148
126.859703856	810.309082031
126.859838781	583.562072754
126.859973705	376.264953613
126.86010863	0
126.860243555	0
126.860378481	0
126.860513406	0
126.972575903	0
126.972711008	0
126.972846113	0
126.972981218	0
126.973116323	448.163818359
126.973251428	718.274902344
126.973386534	770.901611328
126.97352164	648.320983887
126.973656746	381.509643555
126.973791852	0
126.973926959	0
126.974062066	0
126.974197173	0
127.579062353	0
127.579198427	0
127.579334501	0
127.579470575	0
127.57960665	490.85168457
127.579742724	617.306335449
127.579878799	658.346923828
127.580014874	668.470275879
127.58015095	653.576721191
127.580287025	574.909240723
127.580423101	0
127.580559177	0
127.580695253	0
127.580831329	0
127.818070815	0
127.818207272	0
127.818343728	0
127.818480185	0
127.818616642	410.908935547
127.818753099	658.182800293
127.818889556	760.488037109
127.819026014	656.024780273
127.819162472	400.953918457
127.81929893	0
127.819435388	0
127.819571847	0
127.819708305	0
127.842909464	0
127.84304596	0
127.843182456	0
127.843318952	0
127.843455449	450.125
127.843591946	608.497070313
127.843728443	652.885620117
127.843864941	645.477661133
127.844001438	610.135742188
127.844137936	525.721435547
127.844274434	0
127.844410933	0
127.844547431	0
127.84468393	0
128.045984103	0
128.046120924	0
128.046257746	0
128.046394568	0
128.04653139	164.674285889
128.046668212	688.719970703
128.046805035	1011.87280273
128.046941858	921.854858398
128.047078681	523.932128906
128.047215504	0
128.047352327	0
128.047489151	0
128.047625975	0
128.063362181	0
128.063499031	0
128.06363588	0
128.06377273	0
128.06390958	432.182128906
128.06404643	607.462280273
128.064183281	651.633117676
128.064320131	586.957580566
128.064456982	473.80065918
128.064593833	0
128.064730684	0
128.064867536	0
128.065004388	0
128.105248306	0
128.105385223	0
128.10552214	0
128.105659056	0
128.105795974	551.500549316
128.105932891	1758.02685547
128.106069808	3303.61816406
128.106206726	7287.80615234
128.106343644	16504.5839844
128.106480562	29461.8613281
128.106617481	39864.1757813
128.106754399	40261.9257813
128.106891318	29278.8964844
128.107028237	13911.171875
128.107165157	3391.38330078
128.107302076	1984.17272949
128.107438996	1345.05126953
128.107575916	196.598358154
128.107712836	0
128.107849757	0
128.107986677	0
128.108123598	0
128.41015654	0
128.410293946	0
128.410431352	0
128.410568758	0
128.410706164	418.743041992
128.41084357	640.268676758
128.410980977	753.653442383
128.411118384	731.185546875
128.411255791	613.383361816
128.411393198	469.001342773
128.411530606	0
128.411668013	0
128.411805421	0
128.41194283	0
129.050792007	0
129.050930443	0
129.051068878	0
129.051207313	0
129.051345749	574.42767334
129.051484185	979.054199219
129.051622621	1566.54150391
129.051761058	1874.84533691
129.051899495	1783.07873535
129.052037931	1319.36291504
129.052176369	465.624267578
129.052314806	0
129.052453243	0
129.052591681	0
129.052730119	0
129.10881583	0
129.108954359	0
129.109092888	0
129.109231417	0
129.109369946	504.715820313
129.109508475	1106.94934082
129.109647005	1475.68591309
129.109785535	1482.44421387
129.109924065	983.444702148
129.110062595	499.500549316
129.110201125	0
129.110339656	0
129.110478187	0
129.110616718	0
129.137357406	0
129.137495981	0
129.137634556	0
129.13777313	0
129.137911706	269.987304688
129.138050281	651.542053223
129.138188856	797.622070313
129.138327432	673.080993652
129.138466008	251.260498047
129.138604584	0
129.138743161	0
129.138881737	0
129.139020314	0
129.503554853	0
129.503694017	0
129.503833182	0
129.503972346	0
129.504111511	561.547912598
129.504250676	700.756896973
129.504389842	745.614868164
129.504529007	640.096557617
129.504668173	447.678771973
129.504807339	0
129.504946506	0
129.505085672	0
129.505224839	0
129.678801031	0
129.678940478	0
129.679079925	0
129.679219372	0
129.67935882	412.22064209
129.679498268	594.280395508
129.679637716	691.90435791
129.679777164	685.761962891
129.679916612	570.010681152
129.680056061	0
129.68019551	0
129.680334959	0
129.680474408	0
130.120718443	0
130.120858603	0
130.120998764	0
130.121138925	0
130.121279086	395.735656738
130.121419247	705.878723145
130.121559408	2079.81103516
130.12169957	1999.9473877
130.121839732	17885.9667969
130.121979894	58773.6171875
130.122120056	116262.5625
130.122260218	162953.125
130.122400381	169363.609375
130.122540544	130676.078125
130.122680707	72334.5
130.122820871	26506.5703125
130.122961035	6052.99609375
130.123101198	1978.47375488
130.123241363	1080.36767578
130.123381527	2044.25842285
130.123521691	2274.8828125
130.123661856	1754.92663574
130.123802021	1005.07373047
130.123942186	0
130.124082352	0
130.124222518	0
130.124362684	0
130.12450285	0
130.157448177	0
130.157588397	0
130.157728616	0
130.157868836	0
130.158009057	444.044128418
130.158149277	1007.51586914
130.158289498	2174.36376953
130.158429719	3732.60205078
130.15856994	4912.77441406
130.158710162	5231.37792969
130.158850383	4585.22509766
130.158990605	3155.59375
130.159130827	1386.83435059
130.15927105	223.106292725
130.159411272	0
130.159551495	0
130.159691718	0
130.159831941	0
130.504482771	0
130.504623552	0
130.504764333	0
130.504905114	0
130.505045896	488.590454102
130.505186678	602.918701172
130.50532746	697.75592041
130.505468242	688.509094238
130.505609024	541.853210449
130.505749807	0
130.505890589	0
130.506031373	0
130.506172156	0
131.124428367	0
131.124570152	0
131.124711937	0
131.124853723	0
131.124995509	522.885253906
131.125137295	1504.16320801
131.125279081	2641.90185547
131.125420868	4013.81103516
131.125562654	4917.26025391
131.125704441	4560.09619141
131.125846228	3219.97949219
131.125988016	1969.6895752
131.126129803	1206.05505371
131.126271591	503.614929199
131.126413379	0
131.126555168	0
131.126696956	0
131.126838745	0
131.381152005	0
131.381294206	0
131.381436408	0
131.38157861	0
131.381720813	466.421630859
131.381863015	580.964599609
131.382005218	664.801330566
131.382147421	625.479003906
131.382289625	433.181945801
131.382431828	0
131.382574032	0
131.382716236	0
131.38285844	0
132.100504237	0
132.100647608	0
132.10079098	0
132.100934352	0
132.101077724	433.521484375
132.101221096	1176.9798584
132.101364468	1737.81848145
132.101507841	1710.6003418
132.101651213	1115.79211426
132.101794587	683.843078613
132.10193796	489.437011719
132.102081333	0
132.102224707	0
132.102368081	0
132.102511455	0
132.764366784	0
132.764511237	0
132.764655691	0
132.764800144	0
132.764944598	218.239685059
132.765089053	626.500793457
132.765233507	838.002685547
132.765377962	746.181762695
132.765522417	426.906860352
132.765666872	0
132.765811328	0
132.765955783	0
132.766100239	0
133.144225158	0
133.144370232	0
133.144515306	0
133.14466038	0
133.144805454	549.217468262
133.144950529	583.570556641
133.145095604	626.397583008
133.145240679	630.661132813
133.145385754	537.350463867
133.14553083	0
133.145675906	0
133.145820982	0
133.145966058	0
133.252516071	0
133.252661322	0
133.252806573	0
133.252951824	0
133.253097076	457.13848877
133.253242327	627.028747559
133.253387579	778.630859375
133.253532831	813.044067383
133.253678084	688.575622559
133.253823337	451.163513184
133.253968589	0
133.254113843	0
133.254259096	0
133.254404349	0
133.617990457	0
133.618136305	0
133.618282154	0
133.618428003	0
133.618573853	427.278564453
133.618719702	581.601989746
133.618865552	653.036437988
133.619011403	678.095336914
133.619157253	688.758728027
133.619303104	726.314025879
133.619448954	699.772155762
133.619594806	552.180908203
133.619740657	0
133.619886508	0
133.62003236	0
133.620178212	0
133.620324065	0
133.620469917	21.4579162598
133.62061577	706.163513184
133.620761623	1262.98425293
133.620907476	1416.64160156
133.62105333	1094.15661621
133.621199184	695.433776855
133.621345037	828.599243164
133.621490892	937.605224609
133.621636746	682.490783691
133.621782601	293.334533691
133.621928456	0
133.622074311	0
133.622220166	0
133.622366022	0
133.623387018	0
133.623532876	0
133.623678734	0
133.623824592	0
133.62397045	160.044677734
133.624116308	626.589660645
133.624262167	925.75793457
133.624408026	939.365844727
133.624553885	731.923339844
133.624699745	580.55255127
133.624845605	716.98449707
133.624991464	1034.12255859
133.625137325	1318.02929688
133.625283185	1345.07556152
133.625429046	1012.80273438
133.625574907	458.328796387
133.625720768	0
133.625866629	0
133.626012491	0
133.626158353	0
133.657378285	0
133.657524198	0
133.657670111	0
133.657816025	0
133.657961939	439.568054199
133.658107853	619.36126709
133.658253767	689.315673828
133.658399682	603.036193848
133.658545597	429.63104248
133.658691512	0
133.658837428	0
133.658983343	0
133.659129259	0
133.679267937	0
133.679413886	0
133.679559836	0
133.679705785	0
133.679851735	351.622375488
133.679997685	579.808105469
133.680143635	769.215576172
133.680289586	773.502929688
133.680435536	548.506530762
133.680581487	0
133.680727439	0
133.68087339	0
133.681019342	0
133.912507216	0
133.912653548	0
133.912799879	0
133.912946211	0
133.913092543	236.760314941
133.913238875	591.362365723
133.913385207	762.115112305
133.91353154	720.392089844
133.913677873	603.434204102
133.913824206	542.057739258
133.913970539	0
133.914116873	0
133.914263207	0
133.914409541	0
135.997768471	0
135.997918234	0
135.998067996	0
135.998217759	0
135.998367522	395.130310059
135.998517286	645.352600098
135.998667049	734.935058594
135.998816813	633.622192383
135.998966578	362.121398926
135.999116342	0
135.999266107	0
135.999415872	0
135.999565637	0
136.060240869	0
136.060390734	0
136.0605406	0
136.060690466	0
136.060840333	427.026550293
136.060990199	1244.20458984
136.061140066	2486.68701172
136.061289933	3610.51416016
136.061439801	4052.28955078
136.061589668	3355.00976563
136.061739536	1804.47668457
136.061889404	418.751159668
136.062039273	0
136.062189141	0
136.06233901	0
136.062488879	0
136.110459713	0
136.110609661	0
136.11075961	0
136.110909559	0
136.111059509	480.719848633
136.111209458	915.112915039
136.111359408	1143.39038086
136.111509358	1159.80944824
136.111659309	910.48840332
136.111809259	1350.32580566
136.11195921	1997.73791504
136.112109161	1871.96594238
136.112259112	1186.56958008
136.112409064	505.826660156
136.112559016	0
136.112708968	0
136.11285892	0
136.113008873	0
136.25092012	0
136.2510703	0
136.251220482	0
136.251370663	0
136.251520844	575.252197266
136.251671026	708.075073242
136.251821208	708.090148926
136.25197139	612.79473877
136.252121573	444.800537109
136.252271756	0
136.252421939	0
136.252572122	0
136.252722306	0
138.089663821	0
138.089817052	0
138.089970284	0
138.090123515	0
138.090276747	377.007873535
138.090429979	960.360961914
138.090583212	1235.33569336
138.090736444	1112.83349609
138.090889677	930.97265625
138.09104291	928.393188477
138.091196144	1142.50439453
138.091349378	1318.85302734
138.091502611	1103.18273926
138.091655846	572.886901855
138.09180908	0
138.091962315	0
138.09211555	0
138.092268785	0
138.218160997	0
138.218314442	0
138.218467888	0
138.218621333	0
138.218774779	460.833068848
138.218928225	697.967407227
138.219081671	917.92199707
138.219235118	965.239501953
138.219388565	770.006347656
138.219542012	419.080505371
138.219695459	0
138.219848907	0
138.220002355	0
138.220155803	0
138.91218655	0
138.912341152	0
138.912495754	0
138.912650357	0
138.91280496	349.650390625
138.912959563	603.504333496
138.913114167	712.956237793
138.913268771	697.10723877
138.913423375	599.214050293
138.913577979	457.566894531
138.913732583	0
138.913887188	0
138.914041793	0
138.914196399	0
139.048646048	0
139.048800878	0
139.048955708	0
139.049110539	0
139.04926537	403.371887207
139.049420201	903.786865234
139.049575032	1461.07519531
139.049729864	1920.95617676
139.049884696	1920.83190918
139.050039528	1328.46240234
139.05019436	606.334289551
139.050349193	706.837585449
139.050504026	896.344238281
139.050658859	609.435852051
139.050813692	166.621551514
139.050968526	0
139.05112336	0
139.051278194	0
139.051433029	0
139.135546362	0
139.135701338	0
139.135856313	0
139.136011289	0
139.136166265	299.10546875
139.136321241	687.233154297
139.136476218	832.440307617
139.136631195	598.614074707
139.136786172	169.986419678
139.136941149	0
139.137096127	0
139.137251104	0
139.137406083	0
140.265016522	0
140.265173388	0
140.265330254	0
140.265487121	0
140.265643988	485.42755127
140.265800855	656.30859375
140.265957722	758.981689453
140.26611459	727.856323242
140.266271458	556.276550293
140.266428326	0
140.266585195	0
140.266742064	0
140.266898933	0
140.928709719	0
140.9288677	0
140.929025681	0
140.929183662	0
140.929341644	325.780822754
140.929499626	625.870117188
140.929657608	790.208129883
140.92981559	692.802185059
140.929973573	443.19708252
140.930131556	0
140.930289539	0
140.930447523	0
140.930605506	0
140.935187151	0
140.935345143	0
140.935503135	0
140.935661127	0
140.935819119	427.298583984
140.935977112	1088.61340332
140.936135105	1446.97924805
140.936293099	1427.40283203
140.936451092	1248.15209961
140.936609086	1260.1619873
140.93676708	1557.88378906
140.936925074	1751.72338867
140.937083069	1547.65100098
140.937241064	1031.11279297
140.937399059	502.32019043
140.937557055	0
140.93771505	0
140.937873046	0
140.938031043	0
140.93961102	0
140.939769019	0
140.939927018	0
140.940085018	0
140.940243018	345.824157715
140.940401018	615.265136719
140.940559019	830.922851563
140.940717019	935.354370117
140.94087502	1066.16809082
140.941033022	1395.98498535
140.941191023	1802.59509277
140.941349025	1946.84729004
140.941507027	1647.10742188
140.94166503	1050.65820313
140.941823032	426.771118164
140.941981035	0
140.942139038	0
140.942297042	0
140.942455045	0
141.100908349	0
141.101066619	0
141.10122489	0
141.101383161	0
141.101541432	468.763549805
141.101699704	911.696411133
141.101857975	1129.06115723
141.102016247	990.282836914
141.10217452	631.194946289
141.102332792	277.285400391
141.102491065	0
141.102649338	0
141.102807612	0
141.102965885	0
141.823325818	0
141.823485306	0
141.823644794	0
141.823804282	0
141.82396377	561.434082031
141.824123258	629.536865234
141.824282747	648.917114258
141.824442236	607.10333252
141.824601726	514.966918945
141.824761216	0
141.824920705	0
141.825080196	0
141.825239686	0
142.120918324	0
142.121078314	0
142.121238304	0
142.121398294	0
142.121558285	72.9773254395
142.121718275	653.00579834
142.121878267	1679.86816406
142.122038258	2599.78564453
142.12219825	2848.14208984
142.122358242	2253.02587891
142.122518234	1465.0826416
142.122678226	1192.0802002
142.122838219	753.342773438
142.122998212	73.2703552246
142.123158205	0
142.123318199	0
142.123478193	0
142.123638187	0
142.317108507	0
142.317268829	0
142.31742915	0
142.317589472	0
142.317749794	418.955932617
142.317910116	597.057250977
142.318070438	726.108947754
142.318230761	780.652832031
142.318391084	670.641113281
142.318551408	382.366821289
142.318711731	0
142.318872055	0
142.319032379	0
142.319192704	0
142.455245391	0
142.455405945	0
142.4555665	0
142.455727055	0
142.455887611	420.251525879
142.456048166	585.901855469
142.456208722	752.645019531
142.456369279	720.246032715
142.456529835	460.213134766
142.456690392	0
142.456850949	0
142.457011506	0
142.457172064	0
142.817342407	0
142.817503574	0
142.817664742	0
142.817825909	0
142.817987077	429.592224121
142.818148246	601.844848633
142.818309414	727.231628418
142.818470583	667.404296875
142.818631752	415.036315918
142.818792921	0
142.818954091	0
142.819115261	0
142.819276431	0
143.116292283	0
143.116453956	0
143.11661563	0
143.116777304	0
143.116938978	0
143.117100653	697.586181641
143.117262328	1291.4552002
143.117424003	1336.90039063
143.117585678	755.518066406
143.117747354	0
143.11790903	593.326477051
143.118070706	882.17578125
143.118232383	634.265991211
143.118394059	205.785766602
143.118555736	0
143.118717414	0
143.118879091	0
143.119040769	0
143.124861355	0
143.125023043	0
143.125184731	0
143.12534642	0
143.125508109	110.309356689
143.125669798	629.717041016
143.125831487	891.447753906
143.125993177	851.361328125
143.126154867	653.748962402
143.126316557	442.575500488
143.126478247	0
143.126639938	0
143.126801629	0
143.12696332	0
144.100432749	0
144.100596093	0
144.100759437	0
144.100922782	0
144.101086127	295.302490234
144.101249472	982.319458008
144.101412817	1500.08654785
144.101576163	1355.9107666
144.101739509	831.530883789
144.101902855	810.556152344
144.102066201	853.467529297
144.102229548	464.572875977
144.102392895	0
144.102556242	0
144.10271959	0
144.102882938	0
144.136375114	0
144.13653852	0
144.136701925	0
144.136865331	0
144.137028736	567.783569336
144.137192143	2568.28515625
144.137355549	4778.51660156
144.137518956	8708.64355469
144.137682363	19307.9101563
144.13784577	33544.5390625
144.138009178	41827.5390625
144.138172586	37833.75
144.138335994	24725.2460938
144.138499402	11568.8056641
144.138662811	4156.16796875
144.13882622	1434.19140625
144.138989629	765.635375977
144.139153039	340.262451172
144.139316449	0
144.139479859	0
144.139643269	0
144.13980668	0
145.139990216	0
145.14015533	0
145.140320445	0
145.140485561	0
145.140650676	208.77911377
145.140815792	728.869873047
145.140980908	948.177612305
145.141146025	924.401245117
145.141311141	1021.07189941
145.141476258	1010.07885742
145.141641375	719.786376953
145.141806493	454.435852051
145.141971611	0
145.142136729	0
145.142301847	0
145.142466966	0
146.040233419	0
146.040400073	0
146.040566726	0
146.04073338	0
146.040900034	503.562927246
146.041066689	577.219299316
146.041233344	688.563049316
146.041399999	709.675537109
146.041566654	568.120483398
146.04173331	0
146.041899965	0
146.042066622	0
146.042233278	0
146.094244023	0
146.094410769	0
146.094577515	0
146.094744262	0
146.094911008	258.340026855
146.095077755	1098.74560547
146.095244502	1538.1060791
146.09541125	2764.41259766
146.095577998	6549.63427734
146.095744746	12254.2822266
146.095911494	19540.2539063
146.096078243	26202.65625
146.096244991	27989.0761719
146.096411741	22943.2617188
146.09657849	13977.8623047
146.09674524	6034.28222656
146.09691199	1769.89343262
146.09707874	1095.29077148
146.097245491	742.334594727
146.097412242	0
146.097578993	0
146.097745745	0
146.097912496	0
146.098079248	0
146.115923368	0
146.116090151	0
146.116256934	0
146.116423717	0
146.116590501	69.625579834
146.116757285	590.118713379
146.116924069	1151.44104004
146.117090854	1238.94726563
146.117257639	688.172546387
146.117424424	218.655395508
146.117591209	0
146.117757995	0
146.117924781	0
146.118091568	0
146.170643473	0
146.17081035	0
146.170977227	0
146.171144104	0
146.171310981	564.051879883
146.171477859	771.831542969
146.171644737	820.872070313
146.171811616	628.049316406
146.171978494	243.50982666
146.172145373	0
146.172312252	0
146.172479132	0
146.172646011	0
146.205526893	0
146.205693829	0
146.205860766	0
146.206027703	0
146.20619464	498.503967285
146.206361577	728.496520996
146.206528515	760.172607422
146.206695453	586.552246094
146.206862392	324.10369873
146.20702933	0
146.207196269	0
146.207363208	0
146.207530148	0
147.098195208	0
147.098363675	0
147.098532143	0
147.098700611	0
147.09886908	0
147.099037548	731.72442627
147.099206017	1423.57861328
147.099374487	1531.72583008
147.099542956	1245.48059082
147.099711426	994.700561523
147.099879896	951.079589844
147.100048367	867.512817383
147.100216837	484.983276367
147.100385308	0
147.10055378	0
147.100722251	0
147.100890723	0
147.195617717	0
147.195786352	0
147.195954987	0
147.196123623	0
147.196292258	459.575073242
147.196460894	606.133789063
147.196629531	703.371276855
147.196798167	735.694885254
147.196966804	630.287536621
147.197135442	409.176818848
147.197304079	0
147.197472717	0
147.197641355	0
147.197809993	0
148.400610066	0
148.400780776	0
148.400951486	0
148.401122197	0
148.401292908	488.942260742
148.401463619	690.787902832
148.40163433	753.071655273
148.401805042	598.663696289
148.401975754	330.550109863
148.402146466	0
148.402317179	0
148.402487891	0
148.402658605	0
148.870320418	0
148.870491939	0
148.870663461	0
148.870834982	0
148.871006504	399.168945313
148.871178026	588.491027832
148.871349549	681.058532715
148.871521072	647.069152832
148.871692595	607.621826172
148.871864118	586.283935547
148.872035642	541.700622559
148.872207166	0
148.87237869	0
148.872550215	0
148.87272174	0
148.87306479	0
148.873236316	0
148.873407842	0
148.873579368	0
148.873750895	317.862121582
148.873922422	627.432861328
148.874093949	828.838500977
148.874265477	968.432861328
148.874437005	1060.98876953
148.874608533	1121.76989746
148.874780061	1251.67541504
148.87495159	1436.22961426
148.875123119	1392.36621094
148.875294648	846.496704102
148.875466178	42.0237731934
148.875637708	670.034667969
148.875809238	1130.11828613
148.875980769	968.872192383
148.876152299	392.416625977
148.87632383	0
148.876495362	0
148.876666894	0
148.876838426	0
148.877009958	0
148.87718149	0
148.877353023	0
148.877524556	0
148.87769609	138.272094727
148.877867624	637.316772461
148.878039158	1030.84362793
148.878210692	1003.97192383
148.878382227	696.750976563
148.878553762	1102.99963379
148.878725297	1648.60144043
148.878896832	1461.28100586
148.879068368	597.470336914
148.879239904	0
148.879411441	747.38684082
148.879582978	1265.83776855
148.879754515	1519.18212891
148.879926052	1644.06835938
148.88009759	1574.24060059
148.880269128	1085.41821289
148.880440666	293.542358398
148.880612204	490.249755859
148.880783743	935.708251953
148.880955282	857.263427734
148.881126822	587.630493164
148.881298361	432.200012207
148.881469901	0
148.881641442	0
148.881812982	0
148.881984523	377.323791504
148.882156064	997.251098633
148.882327606	1387.14660645
148.882499147	1441.65209961
148.882670689	1294.83764648
148.882842232	1095.28210449
148.883013775	833.318725586
148.883185317	452.964477539
148.883356861	0
148.883528404	0
148.883699948	0
148.883871492	0
148.884043037	0
148.884214581	0
148.884386126	472.22076416
148.884557672	994.306884766
148.884729217	1464.66662598
148.884900763	1810.59484863
148.88507231	1878.25720215
148.885243856	1553.57214355
148.885415403	894.632568359
148.88558695	123.399627686
148.885758497	0
148.885930045	0
148.886101593	0
148.886273141	0
149.869976414	0
149.870149665	0
149.870322917	0
149.870496169	0
149.870669422	348.441955566
149.870842674	599.02154541
149.871015927	714.828491211
149.871189181	633.941345215
149.871362434	413.360717773
149.871535688	0
149.871708943	0
149.871882197	0
149.872055452	0
150.078789044	0
150.078962658	0
150.079136272	0
150.079309886	0
150.079483501	367.648864746
150.079657116	627.60333252
150.079830731	735.803894043
150.080004347	676.889282227
150.080177962	523.944702148
150.080351579	0
150.080525195	0
150.080698812	0
150.080872429	0
150.089380034	0
150.089553667	0
150.089727299	0
150.089900932	0
150.090074565	467.013793945
150.090248198	725.345336914
150.090421832	1113.68579102
150.090595466	2302.83935547
150.0907691	3506.96484375
150.090942734	3786.17285156
150.091116369	3141.9609375
150.091290004	2422.12695313
150.09146364	1970.0970459
150.091637276	1243.52929688
150.091810912	297.315612793
150.091984548	0
150.092158185	0
150.092331822	0
150.092505459	0
150.195003997	0
150.195177813	0
150.195351628	0
150.195525444	0
150.195699261	332.281555176
150.195873077	598.021850586
150.196046894	729.300354004
150.196220712	664.668823242
150.196394529	447.963500977
150.196568347	0
150.196742165	0
150.196915984	0
150.197089802	0
150.531727918	0
150.531902318	0
150.532076719	0
150.53225112	0
150.532425521	403.425964355
150.532599923	593.355834961
150.532774324	711.41204834
150.532948727	726.058105469
150.533123129	641.214599609
150.533297532	471.472045898
150.533471935	0
150.533646338	0
150.533820742	0
150.533995146	0
150.545506476	0
150.5456809	0
150.545855325	0
150.546029749	0
150.546204175	510.91583252
150.5463786	611.971435547
150.546553026	719.836975098
150.546727452	697.914978027
150.546901878	482.002502441
150.547076305	0
150.547250732	0
150.547425159	0
150.547599587	0
150.911416204	0
150.911591265	0
150.911766326	0
150.911941387	0
150.912116448	379.700561523
150.91229151	611.152648926
150.912466572	821.281738281
150.912641635	850.566162109
150.912816697	653.350097656
150.91299176	361.649780273
150.913166824	0
150.913341887	0
150.913516951	0
150.913692015	0
151.047530143	0
151.04770544	0
151.047880738	0
151.048056036	0
151.048231335	476.991577148
151.048406633	610.093566895
151.048581932	637.664611816
151.048757231	589.844665527
151.048932531	453.037597656
151.049107831	0
151.049283131	0
151.049458432	0
151.049633732	0
151.122059063	0
151.12223449	0
151.122409918	0
151.122585346	0
151.122760774	394.94152832
151.122936202	636.138671875
151.123111631	772.103027344
151.12328706	728.21685791
151.123462489	578.139953613
151.123637919	0
151.123813349	0
151.123988779	0
151.12416421	0
151.152763476	0
151.152938956	0
151.153114437	0
151.153289919	0
151.1534654	337.128356934
151.153640882	615.141174316
151.153816364	731.426147461
151.153991847	674.245178223
151.15416733	512.478942871
151.154342813	0
151.154518296	0
151.15469378	0
151.154869264	0
152.105363843	0
152.105540985	0
152.105718128	0
152.105895271	0
152.106072414	299.382507324
152.106249557	788.931396484
152.106426701	1220.96740723
152.106603845	1267.66357422
152.106780989	809.206542969
152.106958134	342.748352051
152.107135279	0
152.107312424	0
152.10748957	0
152.107666716	0
153.765003597	0
153.765183646	0
153.765363695	0
153.765543745	0
153.765723796	363.248413086
153.765903846	604.408874512
153.766083897	772.453735352
153.766263948	817.864379883
153.766444	736.994567871
153.766624051	501.609069824
153.766804104	0
153.766984156	0
153.767164209	493.058288574
153.767344262	689.179016113
153.767524315	878.920410156
153.767704369	1014.50097656
153.767884423	920.949584961
153.768064477	586.658996582
153.768244532	170.523376465
153.768424587	0
153.768604642	0
153.768784698	0
153.768964754	0
154.12157969	0
154.121760366	0
154.121941042	0
154.122121719	0
154.122302396	171.905548096
154.122483073	717.383728027
154.12266375	1166.93676758
154.122844428	1000.58227539
154.123025106	443.859008789
154.123205785	0
154.123386464	0
154.123567143	0
154.123747822	0
154.499524414	0
154.499705755	0
154.499887096	0
154.500068438	0
154.50024978	578.559936523
154.500431122	707.305419922
154.500612465	704.376342773
154.500793808	603.574401855
154.500975151	467.050598145
154.501156494	0
154.501337838	0
154.501519182	0
154.501700527	0
155.152600988	0
155.15278348	0
155.152965973	0
155.153148465	0
155.153330958	403.714050293
155.153513451	961.815429688
155.153695945	1220.29248047
155.153878439	1558.29797363
155.154060933	1773.14025879
155.154243428	1364.37329102
155.154425922	823.356567383
155.154608418	712.148925781
155.154790913	437.534423828
155.154973409	0
155.155155905	0
155.155338402	0
155.155520898	0
155.255212248	0
155.255394921	0
155.255577594	0
155.255760268	0
155.255942942	516.823059082
155.256125616	736.593383789
155.256308291	751.815917969
155.256490966	600.091125488
155.256673641	348.903442383
155.256856316	0
155.257038992	0
155.257221669	0
155.257404345	0
155.459093075	0
155.459276108	0
155.459459141	0
155.459642175	0
155.459825209	457.664489746
155.460008243	695.481506348
155.460191278	818.296264648
155.460374313	755.161010742
155.460557348	548.64666748
155.460740384	0
155.460923419	0
155.461106456	0
155.461289492	0
155.629820148	0
155.630003483	0
155.630186818	0
155.630370153	0
155.630553488	516.127990723
155.630736824	648.420654297
155.63092016	758.28112793
155.631103497	744.905822754
155.631286834	576.034851074
155.631470171	0
155.631653508	0
155.631836846	0
155.632020184	0
156.136322753	0
156.136506984	0
156.136691214	0
156.136875445	0
156.137059676	394.641906738
156.137243908	1208.01782227
156.13742814	3058.78417969
156.137612372	6000.70800781
156.137796605	8347.86523438
156.137980838	8891.5390625
156.138165071	8367.8828125
156.138349305	7558.55419922
156.138533538	5898.71191406
156.138717773	3686.46484375
156.138902007	1978.91467285
156.139086242	698.302062988
156.139270477	0
156.139454713	0
156.139638949	0
156.139823185	0
156.140007421	0
156.262043578	0
156.262228031	0
156.262412484	0
156.262596938	0
156.262781392	5.10748291016
156.262965846	1028.35644531
156.2631503	3354.23535156
156.263334755	5969.23583984
156.26351921	7033.70410156
156.263703666	5526.03710938
156.263888121	2225.61474609
156.264072578	858.613037109
156.264257034	1804.3248291
156.264441491	1178.25219727
156.264625948	2077.19775391
156.264810405	2672.90917969
156.264994863	1793.80310059
156.265179321	617.087646484
156.26536378	104.596679688
156.265548238	0
156.265732697	0
156.265917157	0
156.266101617	0
157.081827182	0
157.082013088	0
157.082198995	0
157.082384902	0
157.082570809	417.085083008
157.082756717	983.827148438
157.082942625	1904.98571777
157.083128533	2286.6484375
157.083314441	2144.28710938
157.08350035	2083.97705078
157.08368626	1848.65490723
157.083872169	1089.94177246
157.084058079	516.594543457
157.084243989	0
157.0844299	0
157.084615811	0
157.084801722	0
157.49628664	0
157.496473283	0
157.496659926	0
157.496846569	0
157.497033213	189.091461182
157.497219856	630.282592773
157.497406501	887.40625
157.497593145	859.033569336
157.49777979	634.420349121
157.497966435	471.077636719
157.498153081	0
157.498339726	0
157.498526373	0
157.498713019	0
157.500579503	0
157.500766153	0
157.500952803	0
157.501139454	0
157.501326105	515.8125
157.501512757	921.879150391
157.501699408	1268.8939209
157.501886061	1516.97705078
157.502072713	1740.01586914
157.502259366	1875.16394043
157.502446019	1549.48937988
157.502632673	722.748046875
157.502819326	0
157.50300598	103.319244385
157.503192635	640.347839355
157.50337929	1163.15002441
157.503565945	1253.4128418
157.5037526	1037.3494873
157.503939256	1331.8013916
157.504125912	1906.64367676
157.504312569	2004.77770996
157.504499226	1589.30480957
157.504685883	1115.67504883
157.50487254	992.104248047
157.505059198	1262.15515137
157.505245856	1524.77270508
157.505432515	1378.02099609
157.505619173	783.188354492
157.505805832	136.871246338
157.505992492	0
157.506179152	0
157.506365812	0
157.506552472	18.3793334961
157.506739133	760.842041016
157.506925794	1043.1151123
157.507112456	1029.96618652
157.507299117	1063.74304199
157.507485779	968.686279297
157.507672442	508.59576416
157.507859105	0
157.508045768	0
157.508232431	0
157.508419095	356.603820801
157.508605759	806.462402344
157.508792423	1084.05981445
157.508979088	1032.53625488
157.509165753	795.190063477
157.509352419	521.801513672
157.509539085	0
157.509725751	0
157.509912417	0
157.510099084	0
157.510285751	0
157.510472418	0
157.510659086	0
157.510845754	0
157.511032422	382.628601074
157.511219091	1279.00720215
157.51140576	2071.9765625
157.51159243	2291.23095703
157.511779099	1791.85119629
157.51196577	847.0390625
157.51215244	221.043304443
157.512339111	474.290527344
157.512525782	700.994628906
157.512712453	945.677368164
157.512899125	881.494018555
157.513085797	366.487731934
157.513272469	0
157.513459142	0
157.513645815	0
157.513832488	0
157.515325888	0
157.515512564	0
157.515699241	0
157.515885918	0
157.516072595	353.345458984
157.516259273	731.890197754
157.516445951	1027.0177002
157.516632629	1087.69995117
157.516819308	917.958251953
157.517005987	580.905822754
157.517192666	0
157.517379346	0
157.517566026	0
157.517752706	0
157.518499431	0
157.518686113	0
157.518872795	0
157.519059478	0
157.519246161	564.289245605
157.519432844	882.219360352
157.519619528	1185.22070313
157.519806212	1289.07128906
157.519992896	1090.01916504
157.520179581	711.851196289
157.520366266	433.051940918
157.520552951	0
157.520739637	0
157.520926323	0
157.521113009	0
157.521299696	0
157.521486383	377.872802734
157.52167307	707.289245605
157.521859758	793.000488281
157.522046446	638.030273438
157.522233134	396.143127441
157.522419823	0
157.522606512	0
157.522793201	0
157.522979891	0
157.776062452	0
157.776249592	0
157.776436732	0
157.776623873	0
157.776811014	490.612487793
157.776998155	658.784545898
157.777185297	758.739379883
157.777372439	734.130004883
157.777559582	575.136108398
157.777746724	0
157.777933867	0
157.778121011	0
157.778308155	0
158.115707352	0
158.115895096	0
158.116082841	0
158.116270587	0
158.116458332	567.008728027
158.116646078	861.15246582
158.116833825	1470.96972656
158.117021571	2875.49072266
158.117209319	4192.39550781
158.117397066	4247.95556641
158.117584814	2907.1015625
158.117772562	1211.47570801
158.11796031	751.682739258
158.118148059	941.919433594
158.118335808	646.865722656
158.118523557	113.482818604
158.118711307	0
158.118899057	0
158.119086807	0
158.119274558	0
158.151948273	0
158.152136082	0
158.152323891	0
158.152511701	0
158.152699512	516.994506836
158.152887322	1077.26306152
158.153075133	2387.2890625
158.153262944	4395.28662109
158.153450756	6218.99658203
158.153638568	7120.55126953
158.15382638	7122.26757813
158.154014193	6303.56054688
158.154202006	4690.51220703
158.154389819	2931.54003906
158.154577632	1607.5300293
158.154765446	542.934265137
158.154953261	0
158.155141075	0
158.15532889	0
158.155516705	0
158.826265632	0
158.826454643	0
158.826643655	0
158.826832668	0
158.82702168	438.184753418
158.827210693	669.584350586
158.827399707	795.012207031
158.82758872	754.569335938
158.827777734	533.862304688
158.827966749	0
158.828155763	0
158.828344779	0
158.828533794	0
159.110920985	0
159.111110505	0
159.111300025	0
159.111489546	0
159.111679067	183.850921631
159.111868588	752.220703125
159.11205811	980.32409668
159.112247632	738.684692383
159.112437155	461.702453613
159.112626677	773.756469727
159.1128162	1042.4128418
159.113005724	848.361206055
159.113195248	323.371398926
159.113384772	0
159.113574296	0
159.113763821	0
159.113953346	0
160.129144808	0
160.12933615	0
160.129527492	0
160.129718835	0
160.129910178	277.327331543
160.130101522	709.00604248
160.130292866	648.4296875
160.13048421	679.346374512
160.130675555	692.679260254
160.1308669	440.251342773
160.131058245	455.141784668
160.13124959	1003.69555664
160.131440936	1008.99914551
160.131632283	636.807922363
160.131823629	2182.19775391
160.132014976	4305.58447266
160.132206324	5732.34228516
160.132397671	53122.4882813
160.132589019	160313.84375
160.132780368	294029.53125
160.132971716	376763.40625
160.133163065	351182.375
160.133354415	236356.875
160.133545764	108564.414063
160.133737114	29377.6445313
160.133928465	2847.66210938
160.134119816	2365.07470703
160.134311167	1392.34729004
160.134502518	982.543457031
160.13469387	1617.94921875
160.134885222	632.728088379
160.135076575	390.040344238
160.135267927	0
160.13545928	0
160.135650634	0
160.135841988	0
160.187137181	0
160.187328627	0
160.187520074	0
160.18771152	0
160.187902968	506.293457031
160.188094415	661.334960938
160.188285863	730.537719727
160.188477311	640.694030762
160.18866876	440.852111816
160.188860209	0
160.189051658	0
160.189243107	0
160.189434557	0
161.134380392	0
161.134573539	0
161.134766686	0
161.134959833	0
161.135152981	179.756195068
161.135346129	704.141479492
161.135539278	1683.74414063
161.135732426	2806.98095703
161.135925576	4100.33740234
161.136118725	5470.61767578
161.136311875	6472.35595703
161.136505025	6580.12158203
161.136698176	5616.86132813
161.136891327	3958.62304688
161.137084478	2278.82128906
161.13727763	937.418945313
161.137470782	62.7348937988
161.137663934	0
161.137857087	0
161.13805024	0
161.138243393	0
161.212633252	0
161.212826539	0
161.213019827	0
161.213213115	0
161.213406404	579.29675293
161.213599693	732.048034668
161.213792982	773.28527832
161.213986272	666.963745117
161.214179562	403.435791016
161.214372852	0
161.214566142	0
161.214759433	0
161.214952725	0
161.64666455	0
161.646858618	0
161.647052687	0
161.647246757	0
161.647440826	438.770935059
161.647634896	598.949829102
161.647828967	656.15826416
161.648023037	591.571777344
161.648217108	459.072387695
161.64841118	0
161.648605251	0
161.648799323	0
161.648993396	0
162.110903405	0
162.111098311	0
162.111293216	0
162.111488122	0
162.111683028	377.330383301
162.111877935	1048.53674316
162.112072842	1562.8918457
162.112267749	1576.40979004
162.112462657	1035.32116699
162.112657565	511.393127441
162.112852473	0
162.113047382	0
162.113242291	0
162.113437201	0
164.864216586	0
164.864416478	0
164.86461637	0
164.864816262	0
164.865016155	510.411621094
164.865216048	638.092285156
164.865415942	710.906188965
164.865615836	701.505187988
164.86581573	543.821228027
164.866015625	0
164.86621552	0
164.866415415	0
164.86661531	0
165.652606531	0
165.652807859	0
165.653009186	0
165.653210514	0
165.653411842	368.039611816
165.653613171	673.332641602
165.6538145	768.213378906
165.65401583	619.492248535
165.654217159	344.896850586
165.65441849	0
165.65461982	0
165.654821151	0
165.655022482	0
166.390510366	0
166.39071304	0
166.390915714	0
166.391118389	0
166.391321064	496.651306152
166.391523739	658.790283203
166.391726415	725.67590332
166.391929091	691.790222168
166.392131768	607.451049805
166.392334445	516.518615723
166.392537122	0
166.392739799	0
166.392942477	0
166.393145156	0
166.683354592	0
166.683557801	0
166.683761011	0
166.683964221	0
166.684167431	532.157897949
166.684370642	667.231872559
166.684573853	731.916442871
166.684777065	718.731567383
166.684980276	602.603759766
166.685183489	366.073913574
166.685386701	0
166.685589914	0
166.685793127	0
166.685996341	0
166.896318323	0
166.896521922	0
166.896725521	0
166.896929121	0
166.897132721	351.916931152
166.897336321	717.233215332
166.897539922	820.475219727
166.897743523	636.229553223
166.897947124	530.30291748
166.898150726	670.516113281
166.898354328	852.204711914
166.898557931	1046.13928223
166.898761534	1115.56445313
166.898965137	902.946044922
166.899168741	398.148864746
166.899372345	0
166.899575949	295.306396484
166.899779554	738.264953613
166.899983159	982.558227539
166.900186764	943.385253906
166.90039037	695.841674805
166.900593977	535.369140625
166.900797583	0
166.90100119	0
166.901204798	0
166.901408405	0
166.902019231	0
166.90222284	0
166.90242645	0
166.90263006	0
166.90283367	413.534973145
166.903037281	838.539428711
166.903240892	1395.45654297
166.903444503	1706.05273438
166.903648115	1542.63232422
166.903851727	962.897094727
166.90405534	297.097839355
166.904258953	0
166.904462566	469.492797852
166.90466618	638.046875
166.904869794	772.240234375
166.905073409	845.699462891
166.905277023	625.633605957
166.905480639	78.5918273926
166.905684254	586.903381348
166.90588787	1364.47387695
166.906091486	1714.32324219
166.906295103	1503.71191406
166.90649872	830.14440918
166.906702338	436.307312012
166.906905956	0
166.907109574	0
166.907313192	0
166.907516811	0
166.90772043	0
166.90792405	0
166.90812767	652.571899414
166.908331291	1281.52099609
166.908534911	1397.00964355
166.908738533	1156.09814453
166.908942154	877.382568359
166.909145776	860.573730469
166.909349398	1015.7565918
166.909553021	1125.17224121
166.909756644	1044.89538574
166.909960267	719.83416748
166.910163891	258.146789551
166.910367515	0
166.91057114	337.039916992
166.910774765	834.224243164
166.91097839	1140.23010254
166.911182016	985.264160156
166.911385642	407.527038574
166.911589268	292.913818359
166.911792895	936.243896484
166.911996522	1203.56433105
166.912200149	1047.17993164
166.912403777	921.615112305
166.912607405	1096.69287109
166.912811034	1297.47924805
166.913014663	1386.45422363
166.913218292	1340.49108887
166.913421922	1108.51647949
166.913625552	932.932983398
166.913829183	1257.86706543
166.914032814	1541.6307373
166.914236445	1292.99841309
166.914440076	760.296386719
166.914643708	601.018737793
166.914847341	1040.33178711
166.915050973	1435.04443359
166.915254607	1345.33874512
166.91545824	947.988525391
166.915661874	727.184570313
166.915865508	549.263305664
166.916069143	0
166.916272778	156.42401123
166.916476413	866.528686523
166.916680049	1202.58361816
166.916883685	1124.18347168
166.917087321	767.798217773
166.917290958	356.103820801
166.917494595	0
166.917698233	0
166.917901871	0
166.918105509	0
166.918309148	0
166.918512787	0
166.918716426	398.086181641
166.918920066	822.243530273
166.919123706	1238.34729004
166.919327347	1346.10644531
166.919530988	1115.93725586
166.919734629	804.017822266
166.91993827	579.258605957
166.920141912	0
166.920345555	0
166.920549198	0
166.920752841	0
167.235827138	0
167.236031358	0
167.236235579	0
167.2364398	0
167.236644021	499.60723877
167.236848243	670.995178223
167.237052466	718.506164551
167.237256688	701.947753906
167.237460911	649.778991699
167.237665135	513.957702637
167.237869358	0
167.238073582	0
167.238277807	0
167.238482032	0
167.40607243	0
167.406276963	0
167.406481495	0
167.406686028	0
167.406890562	495.028808594
167.407095096	661.316101074
167.40729963	703.953979492
167.407504164	614.764892578
167.407708699	420.646606445
167.407913235	0
167.40811777	0
167.408322306	0
167.408526843	0
167.791256235	0
167.791461474	0
167.791666713	0
167.791871952	0
167.792077192	396.829223633
167.792282432	611.374084473
167.792487673	732.286376953
167.792692914	727.195129395
167.792898155	579.863342285
167.793103397	0
167.793308639	0
167.793513881	0
167.793719124	0
168.136383063	0
168.136588935	0
168.136794808	0
168.137000681	0
168.137206554	499.496154785
168.137412428	795.26550293
168.137618302	1039.12182617
168.137824176	919.323364258
168.138030051	577.511108398
168.138235926	0
168.138441802	0
168.138647678	0
168.138853554	0
168.277494131	0
168.277700263	0
168.277906394	0
168.278112527	0
168.278318659	280.540466309
168.278524792	608.910400391
168.278730925	774.57434082
168.278937059	680.086242676
168.279143193	417.142944336
168.279349327	0
168.279555462	0
168.279761597	0
168.279967733	0
169.131849395	0
169.132057098	0
169.132264801	0
169.132472505	0
169.13268021	425.170837402
169.132887914	720.250610352
169.13309562	1569.84692383
169.133303325	2190.66259766
169.133511031	2350.17382813
169.133718737	2194.89257813
169.133926444	1789.15661621
169.134134151	1051.21008301
169.134341858	193.894256592
169.134549566	0
169.134757274	0
169.134964983	0
169.135172692	0
170.017007964	0
170.0172173	0
170.017426636	0
170.017635973	0
170.01784531	414.864501953
170.018054647	622.764526367
170.018263985	712.396728516
170.018473323	664.745605469
170.018682662	493.933410645
170.018892	0
170.01910134	0
170.01931068	0
170.01952002	0
170.116067002	0
170.116276521	0
170.11648604	0
170.11669556	0
170.11690508	443.50390625
170.1171146	775.829589844
170.117324121	1147.78125
170.117533642	1160.40881348
170.117743164	921.787841797
170.117952686	755.153198242
170.118162208	787.754394531
170.118371731	715.007873535
170.118581254	484.583557129
170.118790777	0
170.119000301	0
170.119209826	0
170.11941935	0
170.15294828	0
170.153157867	0
170.153367455	0
170.153577043	0
170.153786631	25.4438781738
170.153996219	707.745727539
170.154205808	945.970703125
170.154415397	648.109741211
170.154624987	195.880401611
170.154834577	0
170.155044168	0
170.155253759	0
170.15546335	0
170.64002327	0
170.640233757	0
170.640444245	0
170.640654733	0
170.640865222	409.487915039
170.641075711	639.604125977
170.641286201	738.552978516
170.641496691	642.104736328
170.641707181	393.996887207
170.641917672	0
170.642128163	0
170.642338654	0
170.642549146	0
171.097488123	0
171.097699457	0
171.097910792	0
171.098122128	0
171.098333464	540.373657227
171.0985448	1094.17089844
171.098756136	1215.43444824
171.098967473	803.384155273
171.09917881	439.694763184
171.099390148	0
171.099601486	0
171.099812825	0
171.100024164	0
171.20510806	0
171.205319594	0
171.205531128	0
171.205742663	0
171.205954198	468.625671387
171.206165734	653.268005371
171.20637727	732.624450684
171.206588806	661.968139648
171.206800343	457.389404297
171.20701188	0
171.207223417	0
171.207434955	0
171.207646493	0
171.339934667	0
171.340146451	0
171.340358236	0
171.34057002	0
171.340781805	459.669311523
171.340993591	603.874938965
171.341205377	746.269897461
171.341417163	838.749633789
171.34162895	790.623779297
171.341840737	603.354003906
171.342052524	375.956420898
171.342264312	0
171.3424761	0
171.342687889	0
171.342899678	0
172.094887942	0
172.095101127	0
172.095314313	0
172.095527499	0
172.095740685	0
172.095953872	636.558410645
172.096167059	1246.05249023
172.096380247	1226.81018066
172.096593435	662.739196777
172.096806623	969.61315918
172.097019812	1425.32592773
172.097233001	1119.73156738
172.09744619	431.744018555
172.09765938	0
172.097872571	0
172.098085761	0
172.098298953	0
172.131135116	0
172.131348368	0
172.131561621	0
172.131774875	0
172.131988128	413.705932617
172.132201382	1354.00512695
172.132414637	1867.94226074
172.132627892	1875.70910645
172.132841147	2545.859375
172.133054403	3655.53027344
172.133267659	3745.41064453
172.133480916	2881.72216797
172.133694173	2294.52978516
172.13390743	1836.76745605
172.134120688	899.846435547
172.134333946	97.920715332
172.134547204	0
172.134760463	0
172.134973722	0
172.135186982	0
172.167393743	0
172.167607062	0
172.167820383	0
172.168033703	0
172.168247025	503.61920166
172.168460346	885.909545898
172.168673668	2290.64208984
172.16888699	3419.56494141
172.169100313	4006.04052734
172.169313636	5134.96142578
172.16952696	6603.90869141
172.169740284	6918.51660156
172.169953608	5426.77197266
172.170166933	2999.16943359
172.170380258	1430.30273438
172.170593583	858.69140625
172.170806909	291.835327148
172.171020235	0
172.171233562	0
172.171446889	0
172.171660216	0
172.2367436	0
172.236957049	0
172.237170498	0
172.237383948	0
172.237597398	505.570983887
172.237810848	730.971923828
172.238024299	851.386962891
172.23823775	821.496948242
172.238451202	652.310424805
172.238664654	415.58782959
172.238878106	0
172.239091559	0
172.239305012	0
172.239518466	0
173.076520711	0
173.076735723	0
173.076950735	0
173.077165748	0
173.077380761	417.545715332
173.077595774	1644.71569824
173.077810788	3298.68652344
173.078025802	4311.57080078
173.078240817	4322.98730469
173.078455832	3752.80273438
173.078670847	3100.11279297
173.078885863	2245.96826172
173.079100879	1122.64196777
173.079315896	206.906890869
173.079530913	0
173.07974593	0
173.079960948	0
173.080175966	0
174.110607124	0
174.110824066	0
174.111041008	0
174.11125795	0
174.111474893	347.367553711
174.111691837	925.571777344
174.11190878	1488.42272949
174.112125724	2033.02331543
174.112342669	2214.67480469
174.112559614	1884.68127441
174.112776559	1242.93469238
174.112993505	630.509521484
174.113210451	479.659606934
174.113427397	0
174.113644344	0
174.113861291	0
174.114078239	0
174.147276018	0
174.147493028	0
174.147710039	0
174.14792705	0
174.148144061	388.507324219
174.148361073	740.77154541
174.148578085	913.179199219
174.148795098	898.354492188
174.149012111	758.866210938
174.149229124	570.996154785
174.149446138	0
174.149663152	0
174.149880167	0
174.150097182	0
174.330577011	0
174.330794364	0
174.331011717	0
174.331229071	0
174.331446425	554.062194824
174.33166378	658.254455566
174.331881135	684.558044434
174.33209849	601.521484375
174.332315846	439.570068359
174.332533202	0
174.332750558	0
174.332967915	0
174.333185273	0
176.140314365	0
176.140535111	0
176.140755857	0
176.140976604	0
176.141197352	386.846801758
176.1414181	635.195861816
176.141638848	735.556091309
176.141859597	712.393920898
176.142080346	604.619018555
176.142301095	365.836242676
176.142521845	0
176.142742595	0
176.142963346	0
176.143184097	0
176.795322903	0
176.795544882	0
176.795766861	0
176.79598884	0
176.79621082	261.5546875
176.796432801	614.973022461
176.796654781	772.415649414
176.796876762	632.340515137
176.797098744	342.30291748
176.797320726	0
176.797542708	0
176.797764691	0
176.797986675	0
177.163715916	0
177.163938589	0
177.164161262	0
177.164383935	0
177.16460661	259.659301758
177.164829284	649.895629883
177.165051959	789.575805664
177.165274634	593.417358398
177.16549731	188.929077148
177.165719986	0
177.165942663	0
177.16616534	0
177.166388017	0
177.168837497	0
177.16906018	0
177.169282862	0
177.169505546	0
177.16972823	32.6934509277
177.169950914	642.843017578
177.170173598	1378.47473145
177.170396283	1629.84741211
177.170618969	1210.20788574
177.170841655	420.913024902
177.171064341	0
177.171287028	0
177.171509715	0
177.171732402	0
177.17195509	0
177.172177778	492.180419922
177.172400467	985.999023438
177.172623156	1590.30053711
177.172845846	1974.06628418
177.173068536	1762.7208252
177.173291227	940.291748047
177.173513917	344.446350098
177.173736609	1033.88867188
177.1739593	1566.75268555
177.174181993	1605.96972656
177.174404685	1152.06018066
177.174627378	538.837219238
177.174850072	751.127441406
177.175072765	1053.7479248
177.17529546	703.633483887
177.175518154	9.62088012695
177.175740849	0
177.175963545	155.271209717
177.176186241	678.669616699
177.176408937	1244.36010742
177.176631634	1471.5279541
177.176854331	1177.67602539
177.177077029	376.070251465
177.177299727	150.175323486
177.177522425	926.871337891
177.177745124	1310.20983887
177.177967823	1324.4263916
177.178190523	950.302734375
177.178413223	368.587402344
177.178635924	0
177.178858625	189.673278809
177.179081326	602.972167969
177.179304028	1015.46740723
177.17952673	1220.7833252
177.179749433	1214.83557129
177.179972136	1156.32775879
177.180194839	1244.1673584
177.180417543	1531.0994873
177.180640247	1929.00134277
177.180862952	2393.92675781
177.181085657	2751.60351563
177.181308363	2566.33447266
177.181531069	1774.29992676
177.181753775	1044.91210938
177.181976482	812.421386719
177.182199189	574.133117676
177.182421897	0
177.182644605	0
177.182867314	555.22467041
177.183090023	613.208190918
177.183312732	791.900878906
177.183535442	1086.35192871
177.183758152	1328.94763184
177.183980863	1316.73193359
177.184203574	1003.90454102
177.184426285	894.160766602
177.184648997	1094.76184082
177.184871709	1207.67236328
177.185094422	1483.72167969
177.185317135	1735.07849121
177.185539849	1474.94506836
177.185762563	696.008911133
177.185985277	0
177.186207992	329.346252441
177.186430707	729.756347656
177.186653423	1072.11889648
177.186876139	1408.81201172
177.187098855	1498.73608398
177.187321572	1092.22668457
177.18754429	331.630859375
177.187767007	0
177.187989726	0
177.188212444	0
177.188435163	0
177.188657883	0
177.188880603	0
177.189103323	0
177.189326043	144.998596191
177.189548765	823.827514648
177.189771486	1038.01818848
177.189994208	652.572143555
177.19021693	440.528564453
177.190439653	846.993652344
177.190662376	1069.9453125
177.1908851	1054.91113281
177.191107824	893.820678711
177.191330549	634.124633789
177.191553274	409.084289551
177.191775999	0
177.191998725	0
177.192221451	0
177.192444177	0
177.613478466	0
177.613701988	0
177.613925509	0
177.614149032	0
177.614372554	417.904174805
177.614596077	579.907531738
177.614819601	616.673950195
177.615043124	580.973510742
177.615266649	407.257873535
177.615490173	0
177.615713698	0
177.615937224	0
177.61616075	0
178.089190753	0
178.089415173	0
178.089639593	0
178.089864014	0
178.090088435	125.12878418
178.090312857	843.46484375
178.090537279	1628.96789551
178.090761701	683.82232666
178.090986124	421.184326172
178.091210547	0
178.091434971	0
178.091659395	0
178.09188382	0
178.096147967	0
178.0963724	0
178.096596834	0
178.096821268	0
178.097045702	242.134033203
178.097270137	796.392211914
178.097494572	979.081176758
178.097719008	1064.32958984
178.097943444	60.43359375
178.09816788	0
178.098392317	480.50579834
178.098616754	699.607055664
178.098841192	766.692016602
178.09906563	1077.26586914
178.099290069	340.499938965
178.099514508	1004.64819336
178.099738947	786.890258789
178.099963387	901.497070313
178.100187828	0
178.100412268	986.160766602
178.100636709	1207.02734375
178.100861151	859.619750977
178.101085593	488.505310059
178.101310035	0
178.101534478	343.857055664
178.101758921	729.518737793
178.101983365	1298.89648438
178.102207809	1758.25
178.102432254	611.007446289
178.102656699	357.558105469
178.102881144	0
178.10310559	0
178.103330036	0
178.103554483	1429.08483887
178.10377893	1227.23596191
178.104003377	822.060180664
178.104227825	1211.97668457
178.104452273	1925.02233887
178.104676722	400.876525879
178.104901171	0
178.105125621	503.261535645
178.105350071	1536.29992676
178.105574522	2132.33886719
178.105798972	1932.47302246
178.106023424	109.600250244
178.106247875	1216.65319824
178.106472328	605.619018555
178.10669678	1321.44616699
178.106921233	1704.57458496
178.107145687	2058.62744141
178.107370141	362.098693848
178.107594595	682.814208984
178.10781905	931.901611328
178.108043505	2520.35058594
178.10826796	2379.98583984
178.108492416	1688.97033691
178.108716873	555.204223633
178.108941329	2018.39025879
178.109165787	1553.58288574
178.109390244	1369.83984375
178.109614702	937.369140625
178.109839161	1471.94067383
178.11006362	1018.04919434
178.110288079	2091.59570313
178.110512539	1535.6730957
178.110736999	1316.25830078
178.11096146	1791.64050293
178.111185921	3526.07275391
178.111410383	1420.72399902
178.111634844	902.951660156
178.111859307	2273.58642578
178.11208377	3077.86621094
178.112308233	1412.56567383
178.112532696	1159.7019043
178.11275716	1667.390625
178.112981625	2525.29150391
178.11320609	2607.27490234
178.113430555	3106.57226563
178.113655021	1262.33935547
178.113879487	2448.1875
178.114103954	1452.88049316
178.114328421	3155.79492188
178.114552888	3972.49804688
178.114777356	2625.41308594
178.115001824	2546.99169922
178.115226293	5019.67285156
178.115450762	3023.37060547
178.115675232	3373.23046875
178.115899702	1041.50183105
178.116124172	3244.15820313
178.116348643	4516.73925781
178.116573114	4734.07470703
178.116797586	1051.93188477
178.117022058	3199.42333984
178.11724653	6090.30175781
178.117471003	4945.51123047
178.117695477	4103.99560547
178.11791995	6141.21386719
178.118144425	3618.91796875
178.118368899	11615.4765625
178.118593374	15298.7626953
178.11881785	13754.9736328
178.119042326	19594.3417969
178.119266802	18884.7695313
178.119491279	7689.70263672
178.119715756	4566.33007813
178.119940234	12188.8974609
178.120164712	7954.56591797
178.12038919	16828.3125
178.120613669	13245.5478516
178.120838148	4778.0234375
178.121062628	17157.2539063
178.121287108	43263.3085938
178.121511589	52227.4570313
178.12173607	320722.625
178.121960551	1584105.5
178.122185033	3803330.75
178.122409516	5991497
178.122633998	6736940
178.122858481	5504631
178.123082965	3178209.25
178.123307449	1182898.125
178.123531933	228190.234375
178.123756418	10327.7333984
178.123980903	34941.34375
178.124205389	16722.8515625
178.124429875	23734.4550781
178.124654362	11240.4091797
178.124878849	5307.08740234
178.125103336	11734.9335938
178.125327824	17701.4375
178.125552312	10361.9072266
178.125776801	1086.97814941
178.12600129	9501.21777344
178.126225779	8992.18847656
178.126450269	11686.3115234
178.12667476	8519.62792969
178.12689925	3921.53076172
178.127123742	4293.53369141
178.127348233	4593.09570313
178.127572725	2749.37597656
178.127797218	4600.18847656
178.128021711	1593.76708984
178.128246204	5674.78320313
178.128470698	5489.66210938
178.128695192	2457.40966797
178.128919686	2783.34179688
178.129144182	6588.94873047
178.129368677	4057.57617188
178.129593173	2140.94775391
178.129817669	1458.89929199
178.130042166	3969.27880859
178.130266663	2162.94921875
178.130491161	3367.58300781
178.130715659	1500.56274414
178.130940157	2555.33984375
178.131164656	3083.78320313
178.131389155	3292.43652344
178.131613655	1053.04772949
178.131838155	3251.22705078
178.132062655	1519.89099121
178.132287156	1424.96252441
178.132511658	2723.98779297
178.13273616	3413.19287109
178.132960662	1503.95361328
178.133185164	2474.00537109
178.133409667	1532.0847168
178.133634171	1747.99609375
178.133858675	812.213989258
178.134083179	2375.77050781
178.134307684	1280.21313477
178.134532189	2059.23583984
178.134756695	1005.53442383
178.134981201	1371.19677734
178.135205707	1769.85241699
178.135430214	2576.03222656
178.135654722	1057.3392334
178.135879229	1957.78918457
178.136103738	724.785522461
178.136328246	1774.40661621
178.136552755	1736.80761719
178.136777265	1518.97912598
178.137001775	29.4851074219
178.137226285	1445.17590332
178.137450796	1103.60754395
178.137675307	2000.62414551
178.137899818	1445.53771973
178.13812433	1652.37976074
178.138348843	531.71887207
178.138573356	856.303100586
178.138797869	1210.02856445
178.139022382	2161.83544922
178.139246897	923.543212891
178.139471411	978.666015625
178.139695926	477.554199219
178.139920442	0
178.140144957	563.623046875
178.140369474	1536.81396484
178.14059399	875.596069336
178.140818507	788.136352539
178.141043025	1066.65014648
178.141267543	1399.49694824
178.141492061	453.335754395
178.14171658	0
178.141941099	0
178.142165619	0
178.142390139	304.203674316
178.142614659	660.409545898
178.14283918	2165.29589844
178.143063702	3065.5625
178.143288223	3804.95068359
178.143512745	5636.27880859
178.143737268	5050.19628906
178.143961791	3043.61279297
178.144186315	1383.05065918
178.144410838	970.016845703
178.144635363	206.37979126
178.144859887	0
178.145084413	0
178.145308938	0
178.145533464	0
178.149575005	0
178.149799539	0
178.150024073	0
178.150248608	0
178.150473144	148.558166504
178.150697679	950.676757813
178.150922216	713.28302002
178.151146752	1007.45471191
178.151371289	360.527709961
178.151595827	0
178.151820365	0
178.152044903	539.206726074
178.152269442	629.976013184
178.152493981	1284.33911133
178.15271852	760.315185547
178.15294306	597.48248291
178.153167601	105.573669434
178.153392142	0
178.153616683	0
178.153841225	0
178.154065767	0
178.154290309	0
178.154514852	0
178.154739396	0
178.15496394	353.301757813
178.155188484	854.910400391
178.155413029	1055.34838867
178.155637574	927.23815918
178.155862119	47.6293334961
178.156086665	0
178.156311212	345.481079102
178.156535758	798.452880859
178.156760306	581.338623047
178.156984853	893.126586914
178.157209401	364.901794434
178.15743395	0
178.157658499	0
178.157883048	0
178.158107598	0
178.216729607	0
178.216954268	0
178.21717893	0
178.217403592	0
178.217628254	546.424133301
178.217852917	615.848693848
178.21807758	595.580749512
178.218302243	930.283203125
178.218526908	1241.87316895
178.218751572	1002.09765625
178.218976237	486.270507813
178.219200902	0
178.219425568	0
178.219650234	0
178.2198749	0
179.001355294	0
179.00158144	0
179.001807587	0
179.002033734	0
179.002259882	434.061157227
179.00248603	575.736328125
179.002712178	655.935974121
179.002938327	575.789123535
179.003164477	368.461853027
179.003390626	0
179.003616777	0
179.003842927	0
179.004069078	0
179.117198299	0
179.117424665	0
179.117651031	0
179.117877398	0
179.118103765	131.091003418
179.118330133	636.336914063
179.118556501	739.309326172
179.118782869	2061.37939453
179.119009238	3230.76318359
179.119235607	3345.12255859
179.119461977	2977.45361328
179.119688347	2686.01269531
179.119914718	2495.91308594
179.120141089	1856.57800293
179.12036746	1010.51086426
179.120593832	793.592773438
179.120820205	79.1116638184
179.121046577	0
179.121272951	0
179.121499324	545.530029297
179.121725698	1106.86413574
179.121952073	1128.89196777
179.122178448	1522.25915527
179.122404823	2332.00488281
179.122631199	1538.95300293
179.122857575	510.205200195
179.123083952	0
179.123310329	0
179.123536706	398.013671875
179.123763084	1279.28149414
179.123989462	804.031005859
179.124215841	598.762084961
179.12444222	3262.93066406
179.1246686	6979.87353516
179.12489498	6756.0078125
179.12512136	82434.265625
179.125347741	270741.0625
179.125574123	523555.0625
179.125800504	700099.3125
179.126026887	678746.5
179.126253269	475766.28125
179.126479652	229380.390625
179.126706036	67171.515625
179.12693242	10205.9580078
179.127158804	4815.16308594
179.127385189	4422.60742188
179.127611574	4398.34130859
179.12783796	3845.19824219
179.128064346	1941.6607666
179.128290732	540.838806152
179.128517119	0
179.128743506	304.295288086
179.128969894	1428.73168945
179.129196282	1936.45080566
179.129422671	1702.80407715
179.12964906	1419.43566895
179.12987545	1419.03979492
179.13010184	0
179.13032823	0
179.130554621	0
179.130781012	0
179.131007404	0
179.169726686	0
179.169953152	0
179.170179618	0
179.170406084	0
179.170632551	542.108459473
179.170859018	708.665771484
179.171085486	1288.12792969
179.171311954	1491.45373535
179.171538422	1111.34533691
179.171764891	2078.49121094
179.17199136	1762.81982422
179.17221783	654.303344727
179.1724443	589.167541504
179.172670771	1376.86633301
179.172897242	1398.58642578
179.173123713	1525.57104492
179.173350185	243.92755127
179.173576658	1947.73278809
179.17380313	2334.76611328
179.174029604	5515.26416016
179.174256077	6760.99267578
179.174482551	69352.234375
179.174709026	255057.59375
179.174935501	525852.9375
179.175161976	737333.625
179.175388452	745694.0625
179.175614928	546328.4375
179.175841405	278215.40625
179.176067882	88403.328125
179.176294359	15048.5634766
179.176520837	5329.58447266
179.176747316	5533.12792969
179.176973794	3304.89013672
179.177200274	2545.20898438
179.177426753	1510.71081543
179.177653233	692.433044434
179.177879714	1602.93811035
179.178106195	1401.85522461
179.178332676	302.91784668
179.178559158	420.03326416
179.17878564	887.201171875
179.179012123	788.776733398
179.179238606	1364.95373535
179.179465089	525.022827148
179.179691573	0
179.179918058	0
179.180144542	0
179.180371028	0
180.124909523	0
180.125137802	0
180.125366081	0
180.125594361	0
180.125822641	377.695800781
180.126050922	1071.12219238
180.126279203	1492.6159668
180.126507484	1338.04553223
180.126735766	1409.65905762
180.126964048	1877.36340332
180.127192331	1847.7010498
180.127420614	1108.94812012
180.127648898	143.505065918
180.127877182	531.663574219
180.128105467	963.724487305
180.128333751	2442.52832031
180.128562037	4777.64599609
180.128790323	6580.88964844
180.129018609	7260.24316406
180.129246896	6903.62158203
180.129475183	5606.84472656
180.12970347	3520.61035156
180.129931758	1363.94873047
180.130160047	646.148254395
180.130388336	621.934265137
180.130616625	63.5006103516
180.130844915	0
180.131073205	0
180.131301495	0
180.131529786	0
180.136095698	0
180.136323998	0
180.136552299	0
180.1367806	0
180.137008901	377.817810059
180.137237203	983.8671875
180.137465505	1418.82214355
180.137693808	1282.70129395
180.137922111	741.514282227
180.138150415	425.89239502
180.138378719	0
180.138607023	0
180.138835328	0
180.139063633	0
180.171259032	0
180.171487399	0
180.171715767	0
180.171944135	0
180.172172503	452.430969238
180.172400872	1070.46447754
180.172629241	1361.98022461
180.17285761	1065.71447754
180.17308598	524.019287109
180.173314351	0
180.173542722	0
180.173771093	0
180.173999465	0
180.176283206	0
180.176511583	0
180.17673996	0
180.176968337	0
180.177196715	574.587280273
180.177425093	1178.4588623
180.177653472	3663.00878906
180.177881851	7022.76513672
180.178110231	10358.7539063
180.178338611	13099.5478516
180.178566991	14323.7294922
180.178795372	13026.2304688
180.179023754	9426.29394531
180.179252135	5168.72753906
180.179480517	2081.39550781
180.1797089	587.559143066
180.179937283	288.186828613
180.180165667	1053.87268066
180.180394051	1166.62438965
180.180622435	691.172973633
180.18085082	208.657989502
180.181079205	0
180.181307591	0
180.181535977	0
180.181764363	0
180.660272013	0
180.660501311	0
180.660730609	0
180.660959907	0
180.661189205	225.124633789
180.661418505	651.872924805
180.661647804	837.62097168
180.661877104	714.450500488
180.662106405	379.941833496
180.662335705	0
180.662565007	0
180.662794308	0
180.66302361	0
182.113089386	0
182.113321455	0
182.113553524	0
182.113785594	0
182.114017664	463.450683594
182.114249735	604.055053711
182.114481806	1004.16845703
182.114713877	1279.65930176
182.114945949	1055.1217041
182.115178022	968.547851563
182.115410095	1246.6171875
182.115642168	1076.99450684
182.115874241	449.067565918
182.116106316	0
182.11633839	0
182.116570465	0
182.116802541	0
182.188535113	0
182.188767326	0
182.188999539	0
182.189231753	0
182.189463968	251.367431641
182.189696183	642.170654297
182.189928398	1089.21936035
182.190160614	1071.26330566
182.19039283	565.352844238
182.190625046	0
182.190857263	0
182.191089481	0
182.191321699	0
182.372121871	0
182.372354435	0
182.372587	0
182.372819565	0
182.37305213	331.862731934
182.373284696	617.149780273
182.373517263	756.772827148
182.373749829	708.407165527
182.373982397	563.304443359
182.374214964	0
182.374447532	0
182.374680101	0
182.37491267	0
183.76990772	0
183.770142963	0
183.770378207	0
183.77061345	0
183.770848695	441.485961914
183.77108394	656.529541016
183.771319185	762.138549805
183.77155443	698.071899414
183.771789677	524.853637695
183.772024923	0
183.77226017	0
183.772495418	0
183.772730666	0
185.200007817	0
185.200245811	0
185.200483806	0
185.200721801	0
185.200959797	370.534301758
185.201197793	767.376831055
185.201435789	953.068481445
185.201673786	787.994995117
185.201911784	438.62121582
185.202149782	0
185.20238778	0
185.202625779	0
185.202863778	0
186.089968345	0
186.090208057	0
186.090447769	0
186.090687482	0
186.090927195	194.011810303
186.091166909	618.02355957
186.091406623	837.704833984
186.091646338	660.053894043
186.091886053	311.144042969
186.092125768	0
186.092365484	0
186.092605201	0
186.092844918	0
186.109866003	0
186.110105754	0
186.110345504	0
186.110585256	0
186.110825007	160.441558838
186.111064759	610.284240723
186.111304512	918.380737305
186.111544265	975.095458984
186.111784019	1820.54406738
186.112023773	2861.99267578
186.112263527	3099.78222656
186.112503282	2445.72070313
186.112743037	1419.00720215
186.112982793	748.991088867
186.113222549	541.661682129
186.113462306	0
186.113702063	0
186.113941821	0
186.114181579	0
186.147032827	0
186.147272649	0
186.147512471	0
186.147752294	0
186.147992118	396.778015137
186.148231942	1010.91052246
186.148471766	1445.4074707
186.148711591	1279.09887695
186.148951416	671.954467773
186.149191242	120.718536377
186.149431068	0
186.149670895	0
186.149910722	0
186.15015055	0
186.183730998	0
186.183970891	0
186.184210785	0
186.184450678	0
186.184690573	369.717224121
186.184930468	897.146118164
186.185170363	1095.71057129
186.185410259	985.159301758
186.185650155	700.117614746
186.185890052	270.285583496
186.186129949	0
186.186369847	0
186.186609745	0
186.186849644	0
187.142189052	0
187.1424308	0
187.142672548	0
187.142914297	0
187.143156046	276.262268066
187.143397796	622.64074707
187.143639546	681.926025391
187.143881297	578.595581055
187.144123048	491.759033203
187.1443648	0
187.144606552	0
187.144848304	0
187.145090057	0
187.83866792	0
187.838911019	0
187.839154118	0
187.839397217	0
187.839640317	93.9861450195
187.839883418	852.714599609
187.840126519	1278.18688965
187.84036962	1513.92834473
187.840612722	1583.67700195
187.840855825	1302.80651855
187.841098928	846.48046875
187.841342031	838.747558594
187.841585135	1044.63549805
187.841828239	951.870727539
187.842071344	613.764343262
187.842314449	262.897277832
187.842557555	300.524291992
187.842800661	724.029602051
187.843043768	1056.3059082
187.843286875	1101.80273438
187.843529982	925.010864258
187.84377309	802.538452148
187.844016199	841.880126953
187.844259308	818.511962891
187.844502417	651.548950195
187.844745527	445.140808105
187.844988638	0
187.845231749	0
187.84547486	0
187.845717972	0
187.849850946	0
187.850094066	0
187.850337187	0
187.850580308	0
187.85082343	440.125610352
187.851066552	579.58581543
187.851309675	748.013427734
187.851552798	837.432250977
187.851795922	633.320007324
187.852039046	174.882629395
187.85228217	654.729248047
187.852525295	1270.03918457
187.852768421	1276.05444336
187.853011547	817.265136719
187.853254673	552.697692871
187.8534978	607.175720215
187.853740928	616.697631836
187.853984056	628.84185791
187.854227184	563.52331543
187.854470313	0
187.854713442	0
187.854956572	0
187.855199702	0
188.126340231	0
188.126583889	0
188.126827546	0
188.127071205	0
188.127314863	173.078643799
188.127558522	733.696716309
188.127802182	1150.78601074
188.128045842	1324.35217285
188.128289503	1157.86352539
188.128533164	721.262268066
188.128776826	323.978820801
188.129020488	0
188.12926415	0
188.129507813	0
188.129751477	0
188.163381574	0
188.163625303	0
188.163869033	0
188.164112763	0
188.164356494	561.638244629
188.164600225	900.822021484
188.164843957	946.240600586
188.165087689	704.837341309
188.165331422	290.840332031
188.165575155	0
188.165818888	0
188.166062622	0
188.166306357	0
188.415406552	0
188.415650771	0
188.41589499	0
188.41613921	0
188.416383431	421.244018555
188.416627652	887.038574219
188.416871873	969.89831543
188.417116095	583.174072266
188.417360318	0
188.417604541	0
188.417848764	434.817016602
188.418092988	604.526916504
188.418337212	682.302429199
188.418581437	575.568603516
188.418825662	296.389404297
188.419069888	0
188.419314114	528.700073242
188.419558341	834.578125
188.419802568	1036.45056152
188.420046796	1038.20776367
188.420291024	831.069946289
188.420535253	517.982055664
188.420779482	0
188.421023711	0
188.421267941	334.61932373
188.421512172	900.169555664
188.421756403	1347.8614502
188.422000634	1562.63562012
188.422244866	1588.48205566
188.422489098	1465.30517578
188.422733331	1250.40539551
188.422977565	1082.58422852
188.423221799	1008.73669434
188.423466033	923.250976563
188.423710268	731.58605957
188.423954503	381.32800293
188.424198739	0
188.424442975	214.535644531
188.424687211	622.19519043
188.424931449	868.548583984
188.425175686	822.504516602
188.425419924	601.944396973
188.425664163	632.510070801
188.425908402	878.675537109
188.426152641	912.760742188
188.426396881	569.652160645
188.426641122	0
188.426885363	0
188.427129604	0
188.427373846	0
188.427618089	0
188.427862331	0
188.428106575	0
188.428350819	430.133239746
188.428595063	895.248046875
188.428839308	1414.2713623
188.429083553	1435.07788086
188.429327799	783.370727539
188.429572045	188.331115723
188.429816291	556.862609863
188.430060538	859.538085938
188.430304786	1261.51281738
188.430549034	1692.94299316
188.430793283	1725.78161621
188.431037532	1188.91882324
188.431281781	434.201904297
188.431526031	0
188.431770282	0
188.432014533	0
188.432258784	0
188.434212812	0
188.434457068	0
188.434701324	0
188.434945581	0
188.435189838	545.724853516
188.435434095	916.536132813
188.435678353	1205.20703125
188.435922612	1189.32824707
188.436166871	866.291381836
188.43641113	444.010253906
188.43665539	0
188.436899651	0
188.437143912	0
188.437388173	488.64074707
188.437632435	719.553894043
188.437876697	1014.26965332
188.43812096	1071.1517334
188.438365223	771.811889648
188.438609487	244.70135498
188.438853751	0
188.439098016	0
188.439342281	0
188.439586547	0
189.157083775	0
189.157329437	0
189.1575751	0
189.157820764	0
189.158066428	0
189.158312092	1116.91003418
189.158557757	2996.05566406
189.158803422	5029.43994141
189.159049088	7291.13525391
189.159294755	9501.37207031
189.159540421	10479.7509766
189.159786089	9874.74804688
189.160031757	8593.98925781
189.160277425	7030.79589844
189.160523094	4775.18261719
189.160768763	2154.07177734
189.161014433	237.814819336
189.161260103	0
189.161505773	0
189.161751445	0
189.161997116	0
189.456409566	0
189.456655812	0
189.456902058	0
189.457148305	0
189.457394552	360.679443359
189.4576408	679.70111084
189.457887048	755.117431641
189.458133297	606.68371582
189.458379546	375.865478516
189.458625796	0
189.458872046	0
189.459118297	0
189.459364548	0
190.105204713	0
190.105452224	0
190.105699737	0
190.10594725	0
190.106194763	489.403686523
190.106442277	763.629394531
190.106689791	897.731689453
190.106937306	811.323730469
190.107184821	721.556274414
190.107432337	823.13293457
190.107679853	783.427368164
190.10792737	494.572937012
190.108174887	0
190.108422405	0
190.108669923	0
190.108917441	0
191.344832354	0
191.345082291	0
191.345332228	0
191.345582166	0
191.345832104	498.775634766
191.346082043	609.575317383
191.346331982	635.533752441
191.346581922	639.725280762
191.346831862	648.537841797
191.347081802	620.131347656
191.347331744	488.652099609
191.347581685	0
191.347831627	0
191.34808157	0
191.348331513	0
192.164247282	0
192.164498826	0
192.164750371	0
192.165001916	0
192.165253461	512.327209473
192.165505007	689.249816895
192.165756554	760.240600586
192.166008101	603.888305664
192.166259648	342.545959473
192.166511196	0
192.166762744	0
192.167014293	0
192.167265843	0
192.877086921	0
192.877339866	0
192.877592811	0
192.877845757	0
192.878098704	406.375366211
192.878351651	609.916625977
192.878604598	671.397216797
192.878857546	599.25958252
192.879110494	442.260253906
192.879363443	0
192.879616393	0
192.879869342	0
192.880122293	0
194.115363958	0
194.115619343	0
194.115874728	0
194.116130114	0
194.1163855	346.796447754
194.116640887	658.209533691
194.116896274	1176.11218262
194.117151662	1567.8458252
194.11740705	1520.578125
194.117662439	1169.75891113
194.117917828	912.478759766
194.118173218	578.963745117
194.118428608	0
194.118683999	0
194.11893939	0
194.119194782	0
194.119450174	0
194.151378175	0
194.151633631	0
194.151889087	0
194.152144544	0
194.152400001	252.380249023
194.152655459	1615.81640625
194.152910917	3220.1875
194.153166376	5004.45019531
194.153421835	6457.39404297
194.153677295	6759.63769531
194.153932756	6466.52001953
194.154188216	6314.859375
194.154443678	5309.19970703
194.15469914	3321.35400391
194.154954602	1541.56481934
194.155210065	393.276977539
194.155465528	0
194.155720992	0
194.155976456	0
194.156231921	0
194.231104842	0
194.231360455	0
194.231616069	0
194.231871683	0
194.232127298	416.921447754
194.232382913	615.68347168
194.232638529	689.456115723
194.232894145	671.515136719
194.233149762	600.874633789
194.233405379	491.125854492
194.233660996	0
194.233916615	0
194.234172233	0
194.234427852	0
195.593748089	0
195.594006397	0
195.594264705	0
195.594523014	0
195.594781323	434.073486328
195.595039633	707.454223633
195.595297944	823.142211914
195.595556254	656.414489746
195.595814566	245.731262207
195.596072878	0
195.59633119	0
195.596589503	0
195.596847816	0
195.712623698	0
195.712882242	0
195.713140785	0
195.71339933	0
195.713657875	341.892883301
195.71391642	581.79901123
195.714174966	841.757568359
195.714433512	958.606323242
195.714692059	869.595336914
195.714950606	652.360412598
195.715209154	457.220703125
195.715467703	0
195.715726251	0
195.715984801	0
195.716243351	0
195.800557946	0
195.800816664	0
195.801075382	0
195.801334101	0
195.80159282	327.999389648
195.801851539	607.479980469
195.802110259	751.171386719
195.80236898	684.325744629
195.802627701	453.420654297
195.802886423	0
195.803145145	0
195.803403868	0
195.803662591	0
196.131358492	0
196.131617866	0
196.13187724	0
196.132136614	0
196.132395989	304.778991699
196.132655365	596.970031738
196.132914741	764.512084961
196.133174117	889.967529297
196.133433494	990.434692383
196.133692872	869.60144043
196.13395225	507.90826416
196.134211629	0
196.134471008	0
196.134730388	0
196.134989768	0
196.541811269	0
196.542071457	0
196.542331646	0
196.542591835	0
196.542852024	492.094299316
196.543112215	587.683532715
196.543372405	668.361450195
196.543632596	749.806152344
196.543892788	742.129638672
196.54415298	551.390869141
196.544413173	0
196.544673366	0
196.54493356	0
196.545193754	0
197.199128788	0
197.199390283	0
197.199651778	0
197.199913273	0
197.200174769	184.286773682
197.200436266	621.675415039
197.200697763	826.39453125
197.200959261	735.801818848
197.201220759	309.169067383
197.201482257	0
197.201743756	0
197.202005256	0
197.202266756	0
198.147839747	0
198.14810313	0
198.148366515	0
198.148629899	0
198.148893285	374.348937988
198.149156671	703.997131348
198.149420057	866.81237793
198.149683444	599.56451416
198.149946831	178.918365479
198.150210219	0
198.150473608	0
198.150736997	0
198.151000386	0
198.163380287	0
198.163643702	0
198.163907117	0
198.164170533	0
198.164433949	418.789001465
198.164697366	597.740661621
198.164960783	666.853027344
198.165224201	586.852905273
198.16548762	401.290893555
198.165751039	0
198.166014458	0
198.166277878	0
198.166541299	0
198.258507151	0
198.258770755	0
198.25903436	0
198.259297966	0
198.259561572	365.401245117
198.259825178	644.402099609
198.260088786	750.361450195
198.260352393	656.704406738
198.260616001	446.454833984
198.26087961	0
198.261143219	0
198.261406829	0
198.261670439	0
198.464806482	0
198.465070498	0
198.465334514	0
198.465598531	0
198.465862549	413.729125977
198.466126567	616.452331543
198.466390586	687.836364746
198.466654605	649.557983398
198.466918625	522.382141113
198.467182645	0
198.467446665	0
198.467710687	0
198.467974709	0
198.934530582	0
198.934795536	0
198.935060491	0
198.935325445	0
198.935590401	393.393615723
198.935855357	598.234375
198.936120313	700.189025879
198.93638527	618.250915527
198.936650228	411.502380371
198.936915186	0
198.937180145	0
198.937445104	0
198.937710063	0
198.94194949	0
198.942214459	0
198.942479428	0
198.942744398	0
198.943009368	546.050170898
198.943274339	664.944946289
198.94353931	705.370483398
198.943804282	599.651123047
198.944069255	353.084228516
198.944334227	0
198.944599201	0
198.944864175	0
198.945129149	0
199.995923809	0
199.996190886	0
199.996457964	0
199.996725042	0
199.996992121	475.465332031
199.9972592	681.819519043
199.99752628	725.822875977
199.99779336	593.706726074
199.998060441	357.314331055
199.998327522	0
199.998594604	0
199.998861687	0
199.99912877	0
200.102530075	0
200.102797366	0
200.103064657	0
200.103331949	0
200.103599241	562.8515625
200.103866534	1324.75708008
200.104133828	1712.17907715
200.104401121	1661.90234375
200.104668416	1624.46325684
200.104935711	1661.57885742
200.105203006	1221.92016602
200.105470302	365.168395996
200.105737599	0
200.106004896	0
200.106272194	0
200.106539492	0
200.12578637	0
200.126053707	0
200.126321045	0
200.126588383	0
200.126855722	227.739532471
200.127123062	647.493591309
200.127390402	847.193969727
200.127657742	798.848266602
200.127925083	805.090332031
200.128192425	828.913330078
200.128459767	547.621398926
200.128727109	0
200.128994453	0
200.129261796	0
200.129529141	0
200.162683981	0
200.162951392	0
200.163218804	0
200.163486216	0
200.163753629	369.672424316
200.164021043	868.728881836
200.164288457	1114.51635742
200.164555871	1108.42224121
200.164823286	979.180419922
200.165090701	708.829589844
200.165358118	278.818664551
200.165625534	0
200.165892951	0
200.166160369	0
200.166427787	0
200.198521862	0
200.198789345	0
200.199056829	0
200.199324313	0
200.199591798	0
200.199859283	630.684692383
200.200126769	1250.66162109
200.200394255	1439.02722168
200.200661742	1291.49804688
200.200929229	1269.85083008
200.201196717	1367.61645508
200.201464205	1088.94299316
200.201731694	449.867614746
200.201999184	0
200.202266674	0
200.202534164	0
200.202801656	0
200.726504998	0
200.72677354	0
200.727042083	0
200.727310626	0
200.727579169	404.680175781
200.727847713	726.431945801
200.728116258	879.739501953
200.728384803	844.091064453
200.728653348	573.215393066
200.728921895	0
200.729190441	0
200.729458989	0
200.729727537	0
200.76920993	0
200.769478558	0
200.769747186	0
200.770015815	0
200.770284444	516.383483887
200.770553074	665.786621094
200.770821704	894.560791016
200.771090335	1033.48156738
200.771358966	936.990112305
200.771627598	574.335327148
200.771896231	361.612609863
200.772164864	661.613708496
200.772433497	776.781616211
200.772702131	607.560852051
200.772970766	532.596801758
200.773239401	803.759643555
200.773508037	1281.80895996
200.773776673	1661.91711426
200.77404531	1710.34020996
200.774313947	1458.50305176
200.774582585	1081.38220215
200.774851223	733.581726074
200.775119862	539.136962891
200.775388502	0
200.775657142	0
200.775925782	0
200.776194423	0
200.776463065	387.45489502
200.776731707	804.109863281
200.77700035	1225.16491699
200.777268993	1346.05029297
200.777537637	996.19519043
200.777806281	304.470275879
200.778074926	197.643096924
200.778343571	745.13269043
200.778612217	1003.54345703
200.778880864	877.982666016
200.779149511	400.574890137
200.779418158	0
200.779686806	0
200.779955455	0
200.780224104	0
200.783985249	0
200.784253907	0
200.784522564	0
200.784791223	0
200.785059882	407.137695313
200.785328541	702.003173828
200.785597201	844.294799805
200.785865861	751.713256836
200.786134522	705.320007324
200.786403184	1054.16638184
200.786671846	1384.56921387
200.786940509	1347.95129395
200.787209172	1043.12634277
200.787477836	768.169189453
200.7877465	643.841674805
200.788015165	660.427490234
200.78828383	817.582519531
200.788552496	1006.66479492
200.788821162	1035.31140137
200.789089829	811.649658203
200.789358497	469.386291504
200.789627165	0
200.789895833	0
200.790164503	0
200.790433172	0
201.0518353	0
201.052104495	0
201.052373691	0
201.052642887	0
201.052912083	564.576660156
201.053181281	684.769592285
201.053450478	715.413269043
201.053719677	592.623535156
201.053988875	400.200195313
201.054258075	0
201.054527275	0
201.054796475	0
201.055065676	0
201.156323576	0
201.156592981	0
201.156862386	0
201.157131792	0
201.157401199	400.908081055
201.157670606	1120.55554199
201.157940014	1836.94030762
201.158209422	3353.47265625
201.15847883	7740.04931641
201.15874824	14990.2128906
201.159017649	29282.8515625
201.15928706	55648.859375
201.159556471	80996.1953125
201.159825882	85353.7421875
201.160095294	63826.1601563
201.160364706	31905.6738281
201.16063412	9366.25292969
201.160903533	2086.12841797
201.161172947	929.725341797
201.161442362	1358.22094727
201.161711777	564.042419434
201.161981193	0
201.162250609	0
201.162520026	0
201.162789443	0
202.141367724	0
202.14163911	0
202.141910497	0
202.142181884	0
202.142453272	194.871795654
202.14272466	819.081665039
202.142996049	1300.49853516
202.143267439	1372.82202148
202.143538829	1284.31994629
202.143810219	1300.12487793
202.144081611	1190.54980469
202.144353002	852.356689453
202.144624394	444.752624512
202.144895787	0
202.145167181	0
202.145438574	0
202.145709969	0
202.160366078	0
202.160637503	0
202.160908928	0
202.161180353	0
202.161451779	388.387695313
202.161723206	683.02746582
202.161994633	1307.06469727
202.162266061	2221.921875
202.162537489	2571.3046875
202.162808918	2404.84667969
202.163080347	2856.25878906
202.163351777	3196.40185547
202.163623208	2393.04003906
202.163894639	916.790283203
202.16416607	4.37841796875
202.164437503	0
202.164708935	0
202.164980368	0
202.165251802	0
203.524624769	0
203.524898946	0
203.525173123	0
203.525447301	0
203.525721479	395.736450195
203.525995658	625.432617188
203.526269837	765.644775391
203.526544017	660.646057129
203.526818198	326.801452637
203.527092379	0
203.52736656	0
203.527640743	0
203.527914925	0
203.60415921	0
203.604433547	0
203.604707885	0
203.604982223	0
203.605256562	335.524719238
203.605530902	1031.44921875
203.605805242	1434.52160645
203.606079583	1365.98669434
203.606353924	1263.83276367
203.606628266	1546.16308594
203.606902608	1765.06713867
203.607176951	1590.64160156
203.607451295	1038.39807129
203.607725639	593.562683105
203.607999983	560.680603027
203.608274328	726.626586914
203.608548674	1142.18676758
203.60882302	1129.47595215
203.609097367	506.451660156
203.609371714	0
203.609646062	428.745483398
203.60992041	870.862792969
203.610194759	916.977050781
203.610469109	599.481933594
203.610743459	433.534667969
203.61101781	0
203.611292161	0
203.611566513	0
203.611840865	0
203.616230577	0
203.616504939	0
203.616779302	0
203.617053664	0
203.617328028	511.561828613
203.617602392	659.339172363
203.617876756	728.298278809
203.618151121	701.051147461
203.618425487	592.844055176
203.618699853	467.090209961
203.61897422	0
203.619248587	0
203.619522955	0
203.619797323	0
203.76968532	0
203.769959992	0
203.770234664	0
203.770509337	0
203.770784011	553.53894043
203.771058685	704.115844727
203.77133336	747.010131836
203.771608035	724.64263916
203.771882711	645.935913086
203.772157388	449.496887207
203.772432065	0
203.772706742	0
203.77298142	0
203.773256099	0
203.825455116	0
203.825729901	0
203.826004686	0
203.826279472	0
203.826554258	428.5859375
203.826829045	598.343811035
203.827103833	677.621276855
203.827378621	580.008972168
203.82765341	344.390197754
203.827928199	0
203.828202989	0
203.828477779	0
203.82875257	0
203.862006363	0
203.862281222	0
203.862556081	0
203.862830941	0
203.863105801	460.295166016
203.863380662	1221.74621582
203.863655524	1936.54187012
203.863930386	2428.33740234
203.864205248	2298.02587891
203.864480111	1087.8416748
203.864754975	725.188293457
203.865029839	2969.64208984
203.865304704	4112.71728516
203.865579569	3780.58984375
203.865854435	2701.9296875
203.866129301	1827.59436035
203.866404168	1461.90368652
203.866679036	1148.05163574
203.866953904	698.047790527
203.867228773	1213.55480957
203.867503642	1844.35046387
203.867778512	1750.82409668
203.868053382	1436.87768555
203.868328253	1422.78930664
203.868603124	1254.50854492
203.868877996	706.633728027
203.869152869	0
203.869427742	445.24420166
203.869702616	1224.89379883
203.86997749	1612.52429199
203.870252365	1433.53686523
203.87052724	875.986572266
203.870802116	656.389587402
203.871076992	938.896850586
203.871351869	897.122680664
203.871626747	366.109069824
203.871901625	0
203.872176503	0
203.872451383	0
203.872726262	0
204.008584869	0
204.008860025	0
204.00913518	0
204.009410337	0
204.009685493	405.846435547
204.009960651	614.971496582
204.010235809	677.329589844
204.010510967	621.179199219
204.010786126	527.277832031
204.011061286	0
204.011336446	0
204.011611607	0
204.011886768	0
204.121169784	0
204.121445167	0
204.12172055	0
204.121995934	0
204.122271319	364.752075195
204.122546704	593.109619141
204.12282209	893.054931641
204.123097476	1046.65185547
204.123372863	960.263793945
204.12364825	656.614501953
204.123923638	271.184326172
204.124199027	0
204.124474416	0
204.124749806	0
204.125025196	0
205.01828361	0
205.01856081	0
205.018838011	0
205.019115213	0
205.019392415	417.897644043
205.019669617	616.159179688
205.019946821	700.38067627
205.020224024	710.479187012
205.020501229	688.726379395
205.020778433	611.981079102
205.021055639	436.386474609
205.021332845	0
205.021610052	0
205.021887259	0
205.022164466	0
205.151959399	0
205.152236871	0
205.152514343	0
205.152791815	0
205.153069289	386.274230957
205.153346762	1650.34533691
205.153624237	3141.93457031
205.153901712	3815.30517578
205.154179187	3353.19824219
205.154456663	3569.5
205.15473414	4679.00976563
205.155011617	4684.72900391
205.155289095	3472.02197266
205.155566573	2083.11962891
205.155844052	1122.02355957
205.156121531	379.984924316
205.156399011	0
205.156676492	0
205.156953973	0
205.157231455	0
206.229723746	0
206.230003407	0
206.230283068	0
206.23056273	0
206.230842393	365.124145508
206.231122056	579.377075195
206.23140172	698.081726074
206.231681384	679.07611084
206.231961049	523.255554199
206.232240715	0
206.232520381	0
206.232800047	0
206.233079715	0
208.274583094	0
208.274866924	0
208.275150756	0
208.275434587	0
208.27571842	481.08380127
208.276002253	670.821594238
208.276286086	740.841674805
208.276569921	617.293945313
208.276853755	314.697631836
208.277137591	0
208.277421427	0
208.277705263	0
208.2779891	0
208.795250745	0
208.79553564	0
208.795820536	0
208.796105433	0
208.796390331	523.088684082
208.796675229	801.076171875
208.796960127	905.512451172
208.797245027	772.092895508
208.797529926	456.469543457
208.797814827	0
208.798099728	0
208.798384629	0
208.798669531	0
209.204105312	0
209.204391045	0
209.204676778	0
209.204962512	0
209.205248247	373.190246582
209.205533982	578.528015137
209.205819718	677.081542969
209.206105454	643.26373291
209.206391191	508.943969727
209.206676929	0
209.206962667	0
209.207248406	0
209.207534145	0
209.406550806	0
209.406836954	0
209.407123102	0
209.407409251	0
209.407695401	536.270385742
209.407981551	643.328063965
209.408267702	673.514099121
209.408553853	599.203491211
209.408840005	473.419433594
209.409126157	0
209.40941231	0
209.409698464	0
209.409984618	0
210.038072315	0
210.038359759	0
210.038647202	0
210.038934647	0
210.039222092	340.244018555
210.039509537	817.468383789
210.039796983	1137.28637695
210.04008443	1082.11450195
210.040371877	707.179199219
210.040659325	302.228149414
210.040946774	0
210.041234223	0
210.041521672	0
210.041809122	0
210.109951474	0
210.110239065	0
210.110526656	0
210.110814248	0
210.111101841	444.850708008
210.111389434	626.368591309
210.111677028	643.723999023
210.111964622	608.655151367
210.112252217	428.169616699
210.112539812	0
210.112827408	0
210.113115005	0
210.113402602	0
210.145904891	0
210.146192556	0
210.146480221	0
210.146767887	0
210.147055553	551.994873047
210.14734322	1137.60375977
210.147630887	1632.5637207
210.147918555	2376.01416016
210.148206224	3264.43603516
210.148493893	4087.45800781
210.148781563	4618.03369141
210.149069234	4373.63134766
210.149356905	3269.31884766
210.149644576	2119.43994141
210.149932249	1568.5925293
210.150219921	902.160766602
210.150507595	8.04861450195
210.150795269	0
210.151082943	0
210.151370619	0
210.151658294	0
210.295282225	0
210.295570196	0
210.295858168	0
210.29614614	0
210.296434113	365.768493652
210.296722087	576.75402832
210.297010061	871.295532227
210.297298036	988.081787109
210.297586012	808.727172852
210.297873988	437.053405762
210.298161964	0
210.298449942	0
210.298737919	0
210.299025898	0
210.318033781	0
210.318321799	0
210.318609818	0
210.318897837	0
210.319185857	502.637634277
210.319473877	610.495849609
210.319761898	621.328857422
210.32004992	596.462036133
210.320337942	560.65625
210.320625965	0
210.320913988	0
210.321202012	0
210.321490037	0
210.679384994	0
210.679673755	0
210.679962516	0
210.680251278	0
210.68054004	394.393676758
210.680828803	583.143615723
210.681117567	676.382263184
210.681406331	630.119934082
210.681695096	464.621459961
210.681983861	0
210.682272627	0
210.682561394	0
210.682850161	0
212.161862223	0
212.162154037	0
212.162445851	0
212.162737666	0
212.163029482	574.560546875
212.163321298	1551.07714844
212.163613115	2342.60449219
212.163904932	2100.86523438
212.164196751	1395.51586914
212.164488569	2289.58105469
212.164780388	3074.34716797
212.165072208	2654.90039063
212.165364029	1571.97351074
212.16565585	572.603271484
212.165947672	0
212.166239494	0
212.166531317	0
212.16682314	0
213.831192701	0
213.831487965	0
213.831783231	0
213.832078496	0
213.832373763	536.410400391
213.83266903	638.660400391
213.832964298	634.359069824
213.833259566	589.762817383
213.833554835	552.280944824
213.833850105	0
213.834145375	0
213.834440646	0
213.834735917	0
214.141557753	0
214.14185366	0
214.142149569	0
214.142445478	0
214.142741387	579.24987793
214.143037298	895.005371094
214.143333208	923.199707031
214.14362912	603.911865234
214.143925032	536.006958008
214.144220945	1103.67150879
214.144516858	1233.50842285
214.144812772	712.163146973
214.145108686	32.7304077148
214.145404601	0
214.145700517	0
214.145996433	0
214.14629235	0
214.213777434	0
214.214073491	0
214.21436955	0
214.214665608	0
214.214961668	526.940429688
214.215257727	1113.31799316
214.215553788	2078.68310547
214.215849849	2874.66552734
214.216145911	2886.91894531
214.216441973	2644.10253906
214.216738036	3152.43603516
214.2170341	3265.80078125
214.217330164	2213.82177734
214.217626229	814.046630859
214.217922294	217.302764893
214.21821836	0
214.218514427	0
214.218810494	0
214.219106562	0
214.370181209	0
214.370477591	0
214.370773974	0
214.371070357	0
214.37136674	519.294311523
214.371663124	950.875488281
214.371959509	1246.7644043
214.372255895	1289.43505859
214.372552281	1086.28686523
214.372848667	652.455627441
214.373145055	184.649780273
214.373441443	0
214.373737831	0
214.37403422	0
214.37433061	0
214.374627	0
214.374923391	0
214.375219783	438.716796875
214.375516175	637.788757324
214.375812568	938.633300781
214.376108962	1018.18347168
214.376405356	738.993286133
214.37670175	349.29486084
214.376998146	408.142089844
214.377294541	813.841064453
214.377590938	1226.31750488
214.377887335	1509.94091797
214.378183733	1718.23266602
214.378480131	2000.42004395
214.37877653	2270.88037109
214.37907293	2269.22949219
214.37936933	1859.62438965
214.379665731	1205.73596191
214.379962132	677.649658203
214.380258534	632.456848145
214.380554937	1010.19104004
214.38085134	1394.15222168
214.381147744	1513.15405273
214.381444149	1283.37231445
214.381740554	807.188354492
214.38203696	305.364929199
214.382333366	0
214.382629773	0
214.38292618	0
214.383222589	0
214.383518997	0
214.383815407	440.073913574
214.384111817	605.043579102
214.384408228	667.071350098
214.384704639	872.091186523
214.385001051	1341.50500488
214.385297463	1854.30187988
214.385593876	2058.65966797
214.38589029	1802.84362793
214.386186704	1290.93005371
214.386483119	918.973999023
214.386779535	934.259155273
214.387075951	1242.92907715
214.387372368	1500.95849609
214.387668785	1400.4029541
214.387965203	929.412597656
214.388261622	350.762817383
214.388558041	0
214.388854461	0
214.389150882	0
214.389447303	0
214.389743725	349.418579102
214.390040147	1071.17883301
214.39033657	1453.59399414
214.390632993	1226.23510742
214.390929418	569.846374512
214.391225842	0
214.391522268	0
214.391818694	473.554199219
214.392115121	659.540344238
214.392411548	917.314086914
214.392707976	1366.31628418
214.393004404	1801.21765137
214.393300833	1806.52966309
214.393597263	1378.60107422
214.393893693	826.484985352
214.394190124	402.936828613
214.394486556	0
214.394782988	0
214.395079421	0
214.395375854	493.820739746
214.395672288	810.526611328
214.395968723	1308.58825684
214.396265158	1682.28308105
214.396561594	1747.41247559
214.39685803	1424.71289063
214.397154467	798.699462891
214.397450905	286.548278809
214.397747344	480.928955078
214.398043782	824.165161133
214.398340222	1083.23571777
214.398636662	1251.29174805
214.398933103	1248.08166504
214.399229544	1007.33215332
214.399525986	649.828857422
214.399822429	440.554870605
214.400118872	0
214.400415316	0
214.400711761	0
214.401008206	0
214.4784014	0
214.478698006	0
214.478994613	0
214.47929122	0
214.479587828	370.644775391
214.479884437	634.437072754
214.480181046	861.553955078
214.480477656	955.725219727
214.480774267	880.819213867
214.481070878	648.355285645
214.48136749	303.136413574
214.481664102	0
214.481960715	0
214.482257329	0
214.482553943	0
215.149411342	0
215.149709341	0
215.150007341	0
215.150305342	0
215.150603343	381.656921387
215.150901344	652.462524414
215.151199347	1152.48669434
215.15149735	1433.05908203
215.151795353	1554.38635254
215.152093358	2018.3182373
215.152391362	2297.15039063
215.152689368	1923.19348145
215.152987374	1203.61413574
215.153285381	600.350708008
215.153583388	201.424957275
215.153881396	0
215.154179404	0
215.154477413	0
215.154775423	0
215.172657142	0
215.17295519	0
215.173253238	0
215.173551287	0
215.173849336	584.310302734
215.174147386	2364.7109375
215.174445437	3995.09765625
215.174743488	4245.43017578
215.17504154	3143.23828125
215.175339593	3004.96240234
215.175637646	4273.44580078
215.175935699	4630.05566406
215.176233754	3503.92138672
215.176531809	1610.13977051
215.176829864	82.2199401855
215.177127921	0
215.177425977	0
215.177724035	0
215.178022093	0
215.623415436	0
215.62371442	0
215.624013406	0
215.624312391	0
215.624611378	443.424560547
215.624910365	703.023681641
215.625209353	759.292480469
215.625508341	595.904174805
215.62580733	356.423034668
215.626106319	0
215.62640531	0
215.6267043	0
215.627003292	0
216.15689431	0
216.157194404	0
216.1574945	0
216.157794596	0
216.158094693	398.070373535
216.15839479	878.064086914
216.158694888	1222.96948242
216.158994987	954.253173828
216.159295086	354.930908203
216.159595186	844.231811523
216.159895286	1283.80114746
216.160195387	1117.52282715
216.160495489	654.763183594
216.160795591	188.7684021
216.161095694	0
216.161395798	0
216.161695902	0
216.161996007	0
217.101978917	0
217.102280982	0
217.102583048	0
217.102885114	0
217.103187181	524.406555176
217.103489249	911.420898438
217.103791317	1407.67358398
217.104093386	1598.83483887
217.104395455	1476.06311035
217.104697526	1552.80786133
217.104999596	1696.13549805
217.105301668	1354.94958496
217.10560374	739.488647461
217.105905813	478.379577637
217.106207886	0
217.10650996	0
217.106812034	0
217.10711411	0
217.13581413	0
217.136116265	0
217.136418402	0
217.136720539	0
217.137022676	490.720275879
217.137324815	589.699890137
217.137626954	641.272094727
217.137929093	597.139160156
217.138231233	438.515686035
217.138533374	0
217.138835515	0
217.139137657	0
217.1394398	0
217.152432532	0
217.152734702	0
217.153036873	0
217.153339045	0
217.153641217	419.166748047
217.15394339	785.706542969
217.154245564	1145.14306641
217.154547738	1478.85510254
217.154849913	1703.34692383
217.155152088	1497.62316895
217.155454265	881.554931641
217.155756441	306.423217773
217.156058619	0
217.156360797	0
217.156662975	0
217.156965155	0
219.168848959	0
219.169155348	0
219.169461738	0
219.169768128	0
219.170074519	413.597167969
219.170380911	785.011474609
219.170687303	815.415405273
219.170993696	602.455932617
219.171300089	145.664916992
219.171606483	0
219.171912878	0
219.172219274	0
219.17252567	0
220.221701911	0
220.222010511	0
220.222319111	0
220.222627712	0
220.222936313	391.702941895
220.223244915	587.407104492
220.223553517	648.887756348
220.223862121	621.030456543
220.224170725	521.323120117
220.224479329	0
220.224787935	0
220.22509654	0
220.225405147	0
221.018189953	0
221.018500228	0
221.018810504	0
221.01912078	0
221.019431057	579.862182617
221.019741335	957.798950195
221.020051613	1090.4432373
221.020361892	846.859863281
221.020672172	328.738098145
221.020982452	0
221.021292733	0
221.021603015	0
221.021913297	0
222.109729535	0
222.110042111	0
222.110354688	0
222.110667266	0
222.110979844	166.058502197
222.111292424	710.386657715
222.111605003	1095.92321777
222.111917584	1099.35522461
222.112230165	776.963867188
222.112542747	318.598266602
222.112855329	0
222.113167912	0
222.113480496	0
222.11379308	0
223.138854321	0
223.139169072	0
223.139483824	0
223.139798577	0
223.14011333	445.854919434
223.140428085	796.694580078
223.140742839	1080.80578613
223.141057595	1568.22644043
223.141372351	1984.67980957
223.141687108	2033.79992676
223.142001865	1706.17712402
223.142316623	1026.36206055
223.142631382	149.600372314
223.142946141	0
223.143260901	0
223.143575662	0
223.143890423	0
224.182755135	0
224.183072098	0
224.183389061	0
224.183706025	0
224.18402299	401.664550781
224.184339956	1123.99035645
224.184656922	1570.01245117
224.184973888	1542.17773438
224.185290856	1385.39770508
224.185607824	1715.94067383
224.185924793	2281.20410156
224.186241762	2158.81445313
224.186558732	1178.54602051
224.186875703	259.721740723
224.187192675	0
224.187509647	0
224.187826619	0
224.188143593	0
226.141327778	0
226.141648904	0
226.14197003	0
226.142291157	0
226.142612284	308.090209961
226.142933413	896.520019531
226.143254542	1190.32629395
226.143575671	905.614135742
226.143896801	192.248779297
226.144217932	0
226.144539064	0
226.144860196	0
226.145181329	0
226.753347275	0
226.753669705	0
226.753992136	0
226.754314568	0
226.754637	294.71887207
226.754959432	589.104248047
226.755281866	759.553588867
226.7556043	707.530151367
226.755926735	499.809265137
226.75624917	0
226.756571606	0
226.756894043	0
226.757216481	0
228.120473862	0
228.120799212	0
228.121124563	0
228.121449915	0
228.121775268	243.485168457
228.122100621	842.707763672
228.122425975	1107.63769531
228.122751329	821.375488281
228.123076684	115.516082764
228.12340204	0
228.123727397	0
228.124052754	0
228.124378112	0
228.155615721	0
228.155941147	0
228.156266573	0
228.156592	0
228.156917427	25.1544494629
228.157242856	944.773803711
228.157568285	2228.52197266
228.157893714	4777.984375
228.158219145	9862.6640625
228.158544576	14721.3007813
228.158870008	16192.8710938
228.15919544	16213.8144531
228.159520873	18267.3671875
228.159846307	18666.0078125
228.160171742	14652.3388672
228.160497177	8660.36816406
228.160822613	3918.35400391
228.16114805	1098.36804199
228.161473487	22.647064209
228.161798925	0
228.162124364	0
228.162449803	0
228.162775243	0
228.229179595	0
228.229505178	0
228.229830762	0
228.230156346	0
228.230481931	478.65802002
228.230807517	1264.03515625
228.231133103	1829.68371582
228.23145869	1712.96899414
228.231784278	1266.74658203
228.232109867	1562.84082031
228.232435456	1912.63000488
228.232761046	1683.51428223
228.233086636	1144.7109375
228.233412228	676.164672852
228.23373782	252.406616211
228.234063412	0
228.234389006	0
228.2347146	0
228.235040195	0
228.994590589	0
228.994917811	0
228.995245034	0
228.995572257	0
228.995899482	367.924133301
228.996226706	655.739868164
228.996553932	786.935424805
228.996881159	709.237182617
228.997208386	465.88873291
228.997535613	0
228.997862842	0
228.998190071	0
228.998517301	0
229.034516869	0
229.034844177	0
229.035171485	0
229.035498794	0
229.035826104	434.120361328
229.036153415	612.010864258
229.036480726	747.345703125
229.036808038	732.422912598
229.037135351	510.017578125
229.037462664	0
229.037789978	0
229.038117293	0
229.038444608	0
229.159599501	0
229.159927077	0
229.160254654	0
229.160582231	0
229.160909809	439.974609375
229.161237388	611.220153809
229.161564967	1040.72119141
229.161892547	1461.70214844
229.162220128	1556.1217041
229.162547709	1240.52575684
229.162875292	704.803527832
229.163202875	1030.20166016
229.163530458	1614.47741699
229.163858043	1446.52539063
229.164185628	646.588684082
229.164513213	50.5852966309
229.1648408	0
229.165168387	0
229.165495975	0
229.165823563	0
229.187445961	0
229.187773596	0
229.188101232	0
229.18842887	0
229.188756507	87.3188476563
229.189084146	779.037963867
229.189411785	2031.81750488
229.189739425	3652.20898438
229.190067065	5078.65185547
229.190394706	5538.34765625
229.190722348	5280.22802734
229.191049991	5812.94677734
229.191377634	6623.74609375
229.191705278	6165.28808594
229.192032923	4421.91162109
229.192360569	2160.95898438
229.192688215	336.400939941
229.193015862	0
229.193343509	0
229.193671157	0
229.193998806	0
229.294620265	0
229.29494813	0
229.295275996	0
229.295603863	0
229.295931731	443.29901123
229.296259599	802.10144043
229.296587468	955.397583008
229.296915338	784.934814453
229.297243208	718.301086426
229.297571079	1561.17346191
229.297898951	2398.93457031
229.298226823	2654.74169922
229.298554697	2581.71875
229.29888257	2698.53125
229.299210445	3112.04150391
229.29953832	3505.8671875
229.299866196	3553.23681641
229.300194073	3288.47802734
229.30052195	3097.73925781
229.300849829	3376.92871094
229.301177707	4109.01757813
229.301505587	4641.95605469
229.301833467	4044.16259766
229.302161348	2123.15234375
229.30248923	1704.09741211
229.302817112	3406.66748047
229.303144995	3626.44677734
229.303472879	2427.79931641
229.303800763	1100.5369873
229.304128648	711.29296875
229.304456534	1152.38586426
229.304784421	1607.52856445
229.305112308	1615.17858887
229.305440196	1370.64294434
229.305768085	1553.81774902
229.306095974	2404.9140625
229.306423864	3568.81201172
229.306751755	4481.02539063
229.307079646	4916.75830078
229.307407539	4762.73046875
229.307735431	3716.26416016
229.308063325	2475.79443359
229.308391219	2981.71191406
229.308719114	3881.20751953
229.30904701	3687.84765625
229.309374906	3560.20263672
229.309702804	5092.40283203
229.310030701	6602.03808594
229.3103586	6969.41894531
229.310686499	6460.55957031
229.311014399	5783.18115234
229.3113423	5711.37939453
229.311670201	5515.05859375
229.311998103	4011.46923828
229.312326006	2194.08935547
229.312653909	3325.78662109
229.312981813	5568.34570313
229.313309718	7125.19873047
229.313637624	7412.09863281
229.31396553	6321.6953125
229.314293437	4425.58398438
229.314621344	2128.67333984
229.314949253	959.379638672
229.315277162	3544.03369141
229.315605072	4271.16308594
229.315932982	2674.98339844
229.316260893	2464.95996094
229.316588805	3077.68554688
229.316916718	1372.73522949
229.317244631	1740.11181641
229.317572545	4450.83642578
229.31790046	5770.26660156
229.318228375	5589.04541016
229.318556291	4353.13769531
229.318884208	4135.10449219
229.319212125	6113.06298828
229.319540044	7400.65673828
229.319867963	6636.68408203
229.320195882	4663.68066406
229.320523803	3332.64453125
229.320851724	3452.52685547
229.321179645	4164.37988281
229.321507568	4606.25195313
229.321835491	3931.36474609
229.322163415	2005.71276855
229.322491339	2503.17138672
229.322819264	5059.89550781
229.32314719	6084.68310547
229.323475117	5546.55615234
229.323803044	5387.11865234
229.324130972	6262.91894531
229.324458901	6101.21484375
229.324786831	4507.01074219
229.325114761	3693.26269531
229.325442692	3904.28271484
229.325770623	2959.46289063
229.326098555	2488.14501953
229.326426488	4481.41357422
229.326754422	5036.78515625
229.327082357	2711.57519531
229.327410292	889.911132813
229.327738227	4566.33251953
229.328066164	6467.37646484
229.328394101	6657.01171875
229.328722039	6021.52294922
229.329049978	5434.83447266
229.329377917	4745.88037109
229.329705857	3264.78808594
229.330033798	1420.31811523
229.330361739	636.635192871
229.330689681	540.937561035
229.331017624	471.733032227
229.331345567	1309.66223145
229.331673512	1914.61657715
229.332001457	1864.55187988
229.332329402	1289.01794434
229.332657349	631.076293945
229.332985296	608.340576172
229.333313243	585.703369141
229.333641192	444.383239746
229.333969141	1088.1583252
229.334297091	1697.69763184
229.334625041	1965.51940918
229.334952993	2021.67663574
229.335280945	1867.5057373
229.335608897	1443.44763184
229.335936851	969.603271484
229.336264805	1018.16137695
229.33659276	1380.7668457
229.336920715	1468.22253418
229.337248671	1199.02734375
229.337576628	730.549499512
229.337904586	206.030578613
229.338232544	0
229.338560503	0
229.338888463	0
229.339216423	0
229.412041051	0
229.412369168	0
229.412697286	0
229.413025405	0
229.413353525	502.110473633
229.413681645	683.805358887
229.414009766	986.303588867
229.414337887	1189.19165039
229.414666009	1074.3013916
229.414994132	743.426757813
229.415322256	445.395751953
229.41565038	0
229.415978505	0
229.416306631	0
229.416634758	0
229.416962885	0
229.417291013	0
229.417619141	0
229.417947271	576.993469238
229.418275401	790.6796875
229.418603531	804.769897461
229.418931663	641.417907715
229.419259795	355.785888672
229.419587928	0
229.419916061	0
229.420244196	0
229.420572331	0
229.420900466	0
229.421228602	381.72869873
229.42155674	914.864379883
229.421884877	1198.02258301
229.422213016	1199.47216797
229.422541155	1066.60668945
229.422869295	912.631225586
229.423197435	739.505615234
229.423525577	604.664428711
229.423853719	509.244689941
229.424181861	0
229.424510005	585.708251953
229.424838149	740.29486084
229.425166294	1277.68798828
229.425494439	2231.18994141
229.425822585	2896.13671875
229.426150732	2810.84179688
229.42647888	2137.55322266
229.426807028	1441.28320313
229.427135177	980.527587891
229.427463327	479.404052734
229.427791477	0
229.428119628	449.688842773
229.42844778	811.193847656
229.428775933	940.327148438
229.429104086	986.083129883
229.42943224	1089.37341309
229.429760395	1233.22314453
229.43008855	1268.28417969
229.430416706	1068.13635254
229.430744863	658.812866211
229.43107302	470.199401855
229.431401178	893.87121582
229.431729337	1168.8425293
229.432057497	989.458251953
229.432385657	518.268676758
229.432713818	0
229.43304198	0
229.433370142	0
229.433698305	0
229.434026469	0
229.434354634	0
229.434682799	0
229.435010965	546.702941895
229.435339131	588.799255371
229.435667299	777.931152344
229.435995467	1067.0411377
229.436323635	1122.29272461
229.436651805	851.981811523
229.436979975	645.208862305
229.437308146	713.45526123
229.437636317	535.08013916
229.43796449	0
229.438292662	0
229.438620836	0
229.438949011	0
229.517074538	0
229.517402881	0
229.517731224	0
229.518059569	0
229.518387913	456.538024902
229.518716259	657.535522461
229.519044605	804.916137695
229.519372952	834.25390625
229.5197013	668.855224609
229.520029648	307.531555176
229.520357997	0
229.520686347	0
229.521014697	0
229.521343048	0
230.172203309	0
230.172533059	0
230.172862809	0
230.17319256	0
230.173522311	446.897460938
230.173852064	1206.9510498
230.174181817	2023.08435059
230.174511571	2130.71826172
230.174841325	1149.21862793
230.17517108	666.194030762
230.175500836	1607.79492188
230.175830593	1722.04699707
230.17616035	1324.28710938
230.176490108	886.463378906
230.176819867	260.75579834
230.177149626	0
230.177479386	0
230.177809147	0
230.178138909	0
230.535687081	0
230.536017611	0
230.536348143	0
230.536678675	0
230.537009209	529.896911621
230.537339742	704.492004395
230.537670277	701.12322998
230.538000812	613.854492188
230.538331348	510.241760254
230.538661885	0
230.538992422	0
230.53932296	0
230.539653499	0
230.709313645	0
230.709644549	0
230.709975454	0
230.71030636	0
230.710637267	274.604858398
230.710968174	601.002441406
230.711299082	746.153686523
230.711629991	620.490600586
230.7119609	299.907714844
230.71229181	0
230.712622721	0
230.712953633	0
230.713284545	0
231.021009834	0
231.02134141	0
231.021672986	0
231.022004562	0
231.02233614	562.057617188
231.022667718	684.742675781
231.022999297	677.415649414
231.023330876	588.55670166
231.023662456	465.568847656
231.023994037	0
231.024325619	0
231.024657201	0
231.024988784	0
231.167635686	0
231.167967577	0
231.168299468	0
231.168631361	0
231.168963254	448.08807373
231.169295148	1110.75891113
231.169627042	1478.43444824
231.169958937	1079.32275391
231.170290833	807.555541992
231.17062273	1525.37841797
231.170954627	1734.10778809
231.171286525	1203.52661133
231.171618424	420.357971191
231.171950324	0
231.172282224	0
231.172614125	0
231.172946027	0
233.182678267	0
233.183014507	0
233.183350748	0
233.183686989	0
233.184023231	125.180084229
233.184359474	1135.66894531
233.184695717	2026.31750488
233.185031962	2315.42089844
233.185368207	2257.64990234
233.185704453	1845.18713379
233.186040699	1348.12695313
233.186376946	2188.66992188
233.186713194	2708.84082031
233.187049443	1975.76403809
233.187385692	668.054016113
233.187721942	0
233.188058193	0
233.188394445	0
233.188730697	0
233.18906695	0
234.095888563	0
234.09622678	0
234.096564998	0
234.096903216	0
234.097241436	548.908752441
234.097579656	779.642089844
234.097917876	948.240966797
234.098256098	1029.15441895
234.09859432	883.16394043
234.098932543	474.590881348
234.099270767	0
234.099608991	0
234.099947216	0
234.100285442	0
234.631866003	0
234.632205382	0
234.632544762	0
234.632884143	0
234.633223524	329.525146484
234.633562907	760.197998047
234.63390229	1047.61804199
234.634241673	1039.78430176
234.634581058	708.137878418
234.634920443	158.09866333
234.635259829	0
234.635599215	537.004211426
234.635938603	823.568481445
234.636277991	958.064575195
234.63661738	1038.55285645
234.636956769	998.924316406
234.63729616	757.592773438
234.637635551	373.786437988
234.637974943	271.116516113
234.638314335	668.749145508
234.638653728	957.647216797
234.638993122	867.114868164
234.639332517	417.492614746
234.639671913	0
234.640011309	0
234.640350706	0
234.640690104	0
234.642047702	0
234.642387103	0
234.642726505	0
234.643065908	0
234.643405312	573.725891113
234.643744716	721.260559082
234.644084121	785.265136719
234.644423527	789.526489258
234.644762933	746.395751953
234.645102341	594.191772461
234.645441749	258.791748047
234.645781157	0
234.646120567	0
234.646459977	0
234.646799388	0
234.654606043	0
234.654945472	0
234.655284901	0
234.655624331	0
234.655963762	535.803405762
234.656303194	786.08581543
234.656642626	879.932983398
234.656982059	634.324707031
234.657321493	128.736724854
234.657660927	0
234.658000363	0
234.658339799	0
234.658679235	0
235.697398131	0
235.697739825	0
235.698081519	0
235.698423214	0
235.69876491	348.399047852
235.699106607	659.259460449
235.699448305	867.465454102
235.699790003	868.000976563
235.700131702	666.305908203
235.700473401	358.239013672
235.700815102	0
235.701156803	0
235.701498505	0
235.701840208	0
236.367174452	0
236.367517603	0
236.367860755	0
236.368203908	0
236.368547062	447.049926758
236.368890216	661.8203125
236.369233371	781.224365234
236.369576527	698.648132324
236.369919683	452.43737793
236.37026284	0
236.370605998	0
236.370949157	0
236.371292316	0
237.873216403	0
237.873562839	0
237.873909276	0
237.874255714	0
237.874602152	302.028686523
237.874948591	593.744628906
237.875295031	724.933288574
237.875641472	647.012939453
237.875987913	448.661010742
237.876334355	0
237.876680798	0
237.877027242	0
237.877373686	0
238.198159213	0
238.198506359	0
238.198853506	0
238.199200654	0
238.199547803	449.402648926
238.199894952	897.337036133
238.200242102	1499.67553711
238.200589253	1809.08435059
238.200936404	1470.62731934
238.201283557	594.47833252
238.20163071	0
238.201977863	0
238.202325018	0
238.202672173	0
238.203019329	0
238.251975935	0
238.252323199	0
238.252670463	0
238.253017729	0
238.253364995	483.41418457
238.253712262	623.858703613
238.25405953	686.004516602
238.254406798	653.515563965
238.254754067	502.746032715
238.255101337	0
238.255448608	0
238.255795879	0
238.256143151	0
238.452821125	0
238.453168828	0
238.453516532	0
238.453864236	0
238.454211942	503.214294434
238.454559648	601.710449219
238.454907355	783.124633789
238.455255062	893.247192383
238.455602771	814.519165039
238.45595048	554.230041504
238.45629819	0
238.4566459	0
238.456993612	0
238.457341324	0
240.156248869	0
240.156600305	0
240.156951741	0
240.157303178	0
240.157654616	323.122558594
240.158006054	818.642333984
240.158357494	1212.19677734
240.158708934	1085.14282227
240.159060375	688.212646484
240.159411817	992.383056641
240.159763259	1211.85668945
240.160114702	943.783569336
240.160466146	671.396057129
240.160817591	359.710083008
240.161169037	0
240.161520483	0
240.16187193	0
240.162223378	0
240.176633405	0
240.176984885	0
240.177336366	0
240.177687848	0
240.178039331	122.799743652
240.178390814	736.00402832
240.178742298	2086.97070313
240.179093783	4006.60546875
240.179445269	5624.88232422
240.179796755	5779.73974609
240.180148242	5034.44189453
240.18049973	6314.53125
240.180851219	8085.61865234
240.181202708	7625.68310547
240.181554199	5327.51855469
240.18190569	3129.14160156
240.182257182	1755.91992188
240.182608674	494.045532227
240.182960168	0
240.183311662	0
240.183663157	0
240.184014653	0
241.188920864	0
241.189274569	0
241.189628274	0
241.18998198	0
241.190335687	95.1792297363
241.190689395	846.477172852
241.191043104	1074.63122559
241.191396813	848.618774414
241.191750523	788.148803711
241.192104234	577.382995605
241.192457946	0
241.192811659	0
241.193165372	0
241.193519086	0
241.2844494	0
241.284803315	0
241.28515723	0
241.285511147	0
241.285865064	401.992675781
241.286218982	658.310668945
241.286572901	770.00378418
241.28692682	693.148620605
241.287280741	509.120361328
241.287634662	0
241.287988584	0
241.288342506	0
241.28869643	0
241.468235945	0
241.468590264	0
241.468944584	0
241.469298905	0
241.469653226	401.836547852
241.470007549	623.54498291
241.470361872	718.311279297
241.470716196	650.249633789
241.471070521	460.830383301
241.471424846	0
241.471779173	0
241.4721335	0
241.472487828	0
242.117947769	0
242.118303519	0
242.118659271	0
242.119015022	0
242.119370775	569.024536133
242.119726529	690.474243164
242.120082283	733.043701172
242.120438038	656.68145752
242.120793794	490.404418945
242.12114955	0
242.121505308	0
242.121861066	0
242.122216825	0
242.167404584	0
242.167760443	0
242.168116303	0
242.168472164	0
242.168828026	0
242.169183888	777.184326172
242.169539751	1496.72924805
242.169895615	2101.89794922
242.17025148	2606.66699219
242.170607346	2970.80029297
242.170963212	3622.31982422
242.171319079	3995.11279297
242.171674947	3406.67822266
242.172030816	2377.89160156
242.172386686	1490.06237793
242.172742556	762.832519531
242.173098427	308.19909668
242.173454299	0
242.173810171	0
242.174166045	0
242.174521919	527.787109375
242.174877794	599.920227051
242.17523367	1020.23669434
242.175589547	1115.01831055
242.175945424	760.011108398
242.176301302	176.826080322
242.176657181	0
242.177013061	0
242.177368941	0
242.177724822	0
242.245000473	0
242.245356503	0
242.245712534	0
242.246068566	0
242.246424599	467.963684082
242.246780632	896.193847656
242.247136667	1358.64172363
242.247492702	1262.3449707
242.247848738	550.457702637
242.248204774	0
242.248560812	0
242.24891685	0
242.249272889	0
242.293783947	0
242.294140085	0
242.294496223	0
242.294852363	0
242.295208503	508.519226074
242.295564644	760.452270508
242.295920786	801.771118164
242.296276929	612.090270996
242.296633072	321.227294922
242.296989216	0
242.297345361	0
242.297701507	0
242.298057654	0
243.166892838	0
243.167250903	0
243.167608968	0
243.167967035	0
243.168325102	86.1350402832
243.16868317	805.939819336
243.169041238	1465.28601074
243.169399308	1738.22180176
243.169757378	1580.38256836
243.170115449	740.145568848
243.170473521	397.361022949
243.170831593	1644.78686523
243.171189667	1846.41589355
243.171547741	1013.66564941
243.171905816	158.911804199
243.172263892	0
243.172621968	0
243.172980045	0
243.173338124	0
243.20341951	0
243.203777655	0
243.204135801	0
243.204493948	0
243.204852096	579.79876709
243.205210244	695.235534668
243.205568394	691.359313965
243.205926544	689.120788574
243.206284695	600.22253418
243.206642846	382.797607422
243.207000999	0
243.207359152	0
243.207717306	0
243.208075461	0
243.64992386	0
243.650282992	0
243.650642125	0
243.651001259	0
243.651360393	564.187133789
243.651719529	729.085021973
243.652078665	746.763671875
243.652437802	608.4453125
243.652796939	364.731933594
243.653156078	0
243.653515217	0
243.653874357	0
243.654233498	0
244.152406728	0
244.152766971	0
244.153127216	0
244.153487461	0
244.153847707	314.183288574
244.154207954	592.052856445
244.154568202	684.106445313
244.15492845	801.709960938
244.155288699	836.120483398
244.155648949	696.01348877
244.1560092	404.211669922
244.156369452	0
244.156729704	0
244.157089957	0
244.157450211	0
244.187354073	0
244.187714394	0
244.188074716	0
244.188435039	0
244.188795362	550.606445313
244.189155686	859.753540039
244.189516011	1238.15466309
244.189876337	1321.04931641
244.190236664	1343.2890625
244.190596991	1810.85656738
244.190957319	1891.9864502
244.191317648	1401.34631348
244.191677978	975.9765625
244.192038308	586.127929688
244.19239864	0
244.192758972	0
244.193119305	0
244.193479639	0
245.182347096	0
245.182709621	0
245.183072148	0
245.183434675	0
245.183797203	404.637207031
245.184159732	731.838928223
245.184522261	1034.37805176
245.184884792	1396.25671387
245.185247323	1492.52612305
245.185609855	927.399047852
245.185972387	774.088134766
245.186334921	1814.29431152
245.186697455	2283.61767578
245.187059991	1990.94348145
245.187422527	1330.36682129
245.187785063	648.178833008
245.188147601	87.4999084473
245.188510139	0
245.188872679	0
245.189235219	0
245.189597759	0
245.637586576	0
245.637950112	0
245.638313648	0
245.638677185	0
245.639040723	381.496582031
245.639404262	602.821594238
245.639767802	705.089782715
245.640131343	631.462524414
245.640494884	433.195373535
245.640858426	0
245.641221969	0
245.641585513	0
245.641949057	0
246.084617118	0
246.084981647	0
246.085346176	0
246.085710706	0
246.086075237	385.056762695
246.086439769	638.278381348
246.086804301	838.221801758
246.087168835	829.825805664
246.087533369	623.053100586
246.087897904	327.253723145
246.08826244	0
246.088626976	0
246.088991514	0
246.089356052	0
246.089720591	192.573791504
246.090085131	713.077026367
246.090449672	919.487792969
246.090814213	770.044433594
246.091178755	585.965576172
246.091543298	721.605834961
246.091907842	1007.90039063
246.092272387	1207.4543457
246.092636932	1187.78759766
246.093001479	876.501464844
246.093366026	330.778259277
246.093730574	0
246.094095123	0
246.094459672	0
246.094824223	0
246.095188774	0
246.095553326	396.854614258
246.095917879	762.748535156
246.096282432	995.078491211
246.096646987	844.504638672
246.097011542	701.020874023
246.097376098	930.049926758
246.097740655	1101.09606934
246.098105212	1093.77648926
246.098469771	1046.33312988
246.09883433	998.59362793
246.09919889	913.229492188
246.099563451	872.121459961
246.099928013	959.123901367
246.100292576	897.393554688
246.100657139	491.235168457
246.101021703	347.259521484
246.101386268	942.59765625
246.101750834	1422.66796875
246.1021154	1407.44885254
246.102479968	843.972900391
246.102844536	604.181274414
246.103209105	1163.24084473
246.103573675	1298.97619629
246.103938245	1037.421875
246.104302817	1240.81176758
246.104667389	1815.49157715
246.105031962	2135.74902344
246.105396536	2158.91992188
246.105761111	2393.32177734
246.106125686	2847.13378906
246.106490262	2775.08056641
246.10685484	2069.203125
246.107219418	1339.3125
246.107583996	1076.24255371
246.107948576	1016.77648926
246.108313156	568.110534668
246.108677737	0
246.109042319	0
246.109406902	0
246.109771486	0
246.11013607	0
246.110500655	0
246.110865241	0
246.111229828	290.26739502
246.111594416	777.430541992
246.111959004	1067.49731445
246.112323593	1363.14111328
246.112688184	1461.27868652
246.113052774	1128.13220215
246.113417366	692.098327637
246.113781959	677.987304688
246.114146552	618.219848633
246.114511146	178.153381348
246.114875741	0
246.115240337	0
246.115604933	0
246.115969531	0
246.117427928	0
246.11779253	0
246.118157132	0
246.118521735	0
246.118886339	493.12310791
246.119250943	755.791625977
246.119615549	790.912109375
246.119980155	740.055419922
246.120344762	660.794311523
246.12070937	568.365539551
246.121073979	0
246.121438588	0
246.121803199	0
246.12216781	0
246.168480011	0
246.168844726	0
246.169209441	0
246.169574158	0
246.169938875	579.038085938
246.170303593	687.319335938
246.170668312	738.807922363
246.171033032	739.917480469
246.171397752	537.908813477
246.171762474	0
246.172127196	0
246.172491919	0
246.172856643	0
248.48162683	0
248.481996698	0
248.482366566	0
248.482736435	0
248.483106305	370.759521484
248.483476176	635.782775879
248.483846048	747.375244141
248.48421592	611.910400391
248.484585793	288.372497559
248.484955668	0
248.485325543	0
248.485695418	0
248.486065295	0
249.472495555	0
249.472867638	0
249.473239721	0
249.473611804	0
249.473983889	389.924072266
249.474355974	593.997253418
249.474728061	775.537475586
249.475100148	745.546020508
249.475472236	443.443725586
249.475844324	0
249.476216414	0
249.476588505	0
249.476960596	0
250.16190018	0
250.162273806	0
250.162647432	0
250.163021059	0
250.163394687	488.046569824
250.163768316	713.211364746
250.164141946	884.208251953
250.164515577	893.979614258
250.164889208	721.25970459
250.16526284	447.334411621
250.165636473	0
250.166010107	0
250.166383742	0
250.166757377	0
250.755898947	0
250.756273904	0
250.756648862	0
250.757023821	0
250.75739878	414.220397949
250.757773741	649.577758789
250.758148702	720.760620117
250.758523664	624.911865234
250.758898627	457.829589844
250.759273591	0
250.759648555	0
250.760023521	0
250.760398487	0
252.213303337	0
252.213681568	0
252.214059799	0
252.214438032	0
252.214816265	99.4447021484
252.215194499	646.027954102
252.215572734	1206.5880127
252.21595097	1300.19567871
252.216329206	758.143310547
252.216707444	652.60949707
252.217085682	1207.12219238
252.217463921	1260.06567383
252.217842161	984.155273438
252.218220402	600.557434082
252.218598644	62.1278991699
252.218976887	0
252.21935513	0
252.219733374	0
252.22011162	0
253.027708951	0
253.028089015	0
253.02846908	0
253.028849146	0
253.029229213	578.184875488
253.02960928	686.975524902
253.029989349	675.122436523
253.030369418	593.016235352
253.030749488	538.584533691
253.031129559	0
253.031509631	0
253.031889704	0
253.032269777	0
253.123512204	0
253.123892484	0
253.124272764	0
253.124653046	0
253.125033329	510.686584473
253.125413612	622.987060547
253.125793896	696.927062988
253.126174182	645.461914063
253.126554468	434.306213379
253.126934755	0
253.127315042	0
253.127695331	0
253.12807562	0
253.189693827	0
253.190074256	0
253.190454686	0
253.190835117	0
253.191215549	274.631896973
253.191595981	629.948120117
253.191976415	895.097167969
253.192356849	830.134765625
253.192737284	483.553466797
253.19311772	0
253.193498157	0
253.193878595	0
253.194259033	0
253.420772125	0
253.421153075	0
253.421534026	0
253.421914977	0
253.42229593	439.690979004
253.422676884	703.502990723
253.423057838	768.903442383
253.423438793	634.703125
253.423819749	422.715942383
253.424200706	0
253.424581664	0
253.424962623	0
253.425343582	0
254.455158669	0
254.455541954	0
254.455925239	0
254.456308526	0
254.456691813	520.944091797
254.457075102	676.203491211
254.457458391	710.754821777
254.457841681	748.859741211
254.458224972	785.55847168
254.458608264	749.391723633
254.458991556	618.382507324
254.45937485	435.07824707
254.459758144	0
254.460141439	0
254.460524735	0
254.460908032	0
255.202673109	0
255.203058084	0
255.20344306	0
255.203828037	0
255.204213015	432.807006836
255.204597993	943.130615234
255.204982973	1355.86437988
255.205367953	2003.34289551
255.205752934	2682.73095703
255.206137916	2148.81298828
255.206522899	758.505493164
255.206907883	2169.33837891
255.207292867	3073.51220703
255.207677853	2640.22265625
255.208062839	1812.03747559
255.208447826	1065.17663574
255.208832815	403.402954102
255.209217804	0
255.209602793	0
255.209987784	0
255.210372776	0
256.187585054	0
256.18797226	0
256.188359467	0
256.188746675	0
256.189133883	184.534790039
256.189521092	617.264526367
256.189908303	890.21862793
256.190295514	767.176147461
256.190682726	414.365722656
256.191069938	0
256.191457152	0
256.191844367	0
256.192231582	0
256.484054238	0
256.484442117	0
256.484829996	0
256.485217876	0
256.485605756	435.394958496
256.485993638	662.378967285
256.486381521	785.086914063
256.486769404	750.845336914
256.487157288	579.848205566
256.487545173	0
256.48793306	0
256.488320947	0
256.488708834	0
257.183272634	0
257.183662099	0
257.184051565	0
257.184441032	0
257.1848305	329.702514648
257.185219969	1080.52856445
257.185609439	1345.97351074
257.18599891	764.500976563
257.186388381	0
257.186777854	0
257.187167327	0
257.187556801	0
257.187946276	0
258.165973604	0
258.166365304	0
258.166757005	0
258.167148706	0
258.167540408	478.821105957
258.167932112	649.654968262
258.168323816	733.320983887
258.168715521	847.058227539
258.169107227	997.238891602
258.169498934	671.20324707
258.169890641	381.679321289
258.17028235	1172.46936035
258.17067406	1601.31481934
258.17106577	1384.68200684
258.171457481	866.454467773
258.171849194	463.708251953
258.172240907	0
258.172632621	0
258.173024335	0
258.173416051	0
259.053102031	0
259.053495752	0
259.053889473	0
259.054283195	0
259.054676918	384.27722168
259.055070642	664.248901367
259.055464367	822.157104492
259.055858093	845.874511719
259.05625182	738.675842285
259.056645548	463.528076172
259.057039276	0
259.057433005	0
259.057826736	0
259.058220467	0
259.09759812	0
259.097991942	0
259.098385765	0
259.098779588	0
259.099173413	328.139587402
259.099567238	1765.12658691
259.099961065	3697.83886719
259.100354892	5479.38964844
259.10074872	6033.09960938
259.101142549	4922.38134766
259.101536379	4880.55859375
259.10193021	7361.15429688
259.102324042	8242.03027344
259.102717874	6132.26171875
259.103111708	2625.96875
259.103505542	329.749084473
259.103899378	0
259.104293214	0
259.104687051	0
259.105080889	0
259.16337882	0
259.163772792	0
259.164166765	0
259.164560738	0
259.164954713	292.73626709
259.165348688	757.638916016
259.165742665	1554.5222168
259.166136642	1696.13452148
259.16653062	1098.74145508
259.166924599	285.214355469
259.167318579	0
259.16771256	0
259.168106542	0
259.168500524	0
259.891392303	0
259.891787936	0
259.89218357	0
259.892579204	0
259.89297484	593.329589844
259.893370477	716.402099609
259.893766115	704.351196289
259.894161753	655.067504883
259.894557392	554.736083984
259.894953033	0
259.895348674	0
259.895744316	0
259.896139959	0
260.182030186	0
260.182426483	0
260.18282278	0
260.183219079	0
260.183615379	351.75769043
260.184011679	1174.50048828
260.184407981	1941.53088379
260.184804283	2283.6328125
260.185200586	1897.26184082
260.185596891	1112.24182129
260.185993196	1565.04162598
260.186389502	1906.21716309
260.186785808	1542.03759766
260.187182116	1315.2833252
260.187578425	928.124023438
260.187974735	213.252380371
260.188371045	0
260.188767356	0
260.189163669	0
260.189559982	0
261.095514125	0
261.09591251	0
261.096310897	0
261.096709285	0
261.097107673	350.608581543
261.097506063	1711.45446777
261.097904453	3482.37011719
261.098302844	5040.04785156
261.098701237	5968.05566406
261.09909963	5132.72802734
261.099498024	4124.13671875
261.099896419	6845.55615234
261.100294814	8582.68847656
261.100693211	7135.14257813
261.101091609	3959.66357422
261.101490007	1056.59094238
261.101888407	214.608673096
261.102286807	0
261.102685209	0
261.103083611	0
261.103482014	0
261.12858325	0
261.128981711	0
261.129380174	0
261.129778637	0
261.130177101	253.676635742
261.130575566	812.892822266
261.130974032	1261.29052734
261.131372499	1114.67370605
261.131770967	679.777954102
261.132169436	499.75177002
261.132567906	0
261.132966376	0
261.133364848	0
261.13376332	0
261.2138748	0
261.214273457	0
261.214672114	0
261.215070773	0
261.215469432	503.056945801
261.215868093	693.243164063
261.216266754	802.021484375
261.216665416	655.085388184
261.21706408	216.094665527
261.217462744	0
261.217861408	0
261.218260074	0
261.218658741	0
261.630170222	0
261.630569832	0
261.630969443	0
261.631369055	0
261.631768668	437.892089844
261.632168281	598.061340332
261.632567896	672.461486816
261.632967512	600.291625977
261.633367128	370.924621582
261.633766746	0
261.634166364	0
261.634565983	0
261.634965604	0
261.746095532	0
261.746495408	0
261.746895285	0
261.747295162	0
261.747695041	443.513305664
261.74809492	763.935424805
261.748494801	986.467529297
261.748894682	1011.08337402
261.749294564	845.586669922
261.749694447	562.633361816
261.750094331	0
261.750494216	0
261.750894102	0
261.751293989	0
264.623107579	0
264.623514066	0
264.623920553	0
264.624327042	0
264.624733532	389.53717041
264.625140022	630.081787109
264.625546514	716.66607666
264.625953006	620.973754883
264.626359499	475.760864258
264.626765993	0
264.627172489	0
264.627578985	0
264.627985482	0
264.652783572	0
264.653190127	0
264.653596683	0
264.65400324	0
264.654409798	267.354125977
264.654816357	692.613586426
264.655222917	869.530273438
264.655629478	689.254943848
264.656036039	287.512084961
264.656442602	0
264.656849165	0
264.65725573	241.777160645
264.657662295	655.841308594
264.658068862	1052.51306152
264.658475429	1141.15258789
264.658881997	881.224609375
264.659288566	457.070129395
264.659695136	0
264.660101708	0
264.660508279	0
264.660914852	0
264.66335431	0
264.663760889	0
264.664167469	0
264.664574051	0
264.664980633	369.705627441
264.665387216	886.245727539
264.6657938	1115.1854248
264.666200386	1117.64416504
264.666606972	803.971313477
264.667013559	215.308959961
264.667420146	162.13394165
264.667826735	805.189697266
264.668233325	1152.71679688
264.668639916	1054.90905762
264.669046507	554.816101074
264.6694531	0
264.669859694	0
264.670266288	0
264.670672883	0
264.671892675	0
264.672299274	0
264.672705874	0
264.673112475	0
264.673519077	442.822143555
264.67392568	1385.72265625
264.674332284	2118.94335938
264.674738889	2093.65869141
264.675145495	1526.84558105
264.675552101	1170.12060547
264.675958709	1109.50927734
264.676365317	1118.58007813
264.676771927	1198.65625
264.677178537	1309.55187988
264.677585148	1373.82275391
264.677991761	1248.85620117
264.678398374	1088.55859375
264.678804988	994.797729492
264.679211603	762.823852539
264.679618219	415.977416992
264.680024836	0
264.680431454	0
264.680838073	0
264.681244693	0
264.681651313	0
264.682057935	0
264.682464557	0
264.682871181	0
264.683277805	391.122314453
264.683684431	783.655639648
264.684091057	1036.39208984
264.684497684	1031.07788086
264.684904313	843.363525391
264.685310942	513.838439941
264.685717572	0
264.686124203	0
264.686530835	560.435668945
264.686937468	736.177246094
264.687344101	731.346069336
264.687750736	616.316467285
264.688157372	587.054138184
264.688564008	0
264.688970646	0
264.689377285	0
264.689783924	0
264.776419486	0
264.776826326	0
264.777233167	0
264.777640008	0
264.778046851	542.804626465
264.778453695	695.377075195
264.77886054	708.932067871
264.779267386	595.936645508
264.779674232	458.87890625
264.78008108	0
264.780487928	0
264.780894778	0
264.781301628	0
264.819956688	0
264.820363628	0
264.820770569	0
264.821177512	0
264.821584455	426.950683594
264.821991399	599.633483887
264.822398344	742.398803711
264.82280529	788.958129883
264.823212237	742.88269043
264.823619185	621.036437988
264.824026134	415.35144043
264.824433083	0
264.824840034	0
264.825246986	0
264.825653938	0
264.880601149	0
264.881008229	0
264.88141531	0
264.881822392	0
264.882229475	552.612915039
264.882636559	1208.43200684
264.883043644	1673.30554199
264.88345073	1710.28833008
264.883857817	1274.2298584
264.884264904	745.42578125
264.884671993	668.749694824
264.885079083	1125.1340332
264.885486173	1569.5682373
264.885893265	1457.18505859
264.886300357	809.543823242
264.88670745	211.143371582
264.887114544	0
264.88752164	0
264.887928736	0
264.888335833	0
264.888742931	0
264.88915003	0
264.88955713	0
264.889964231	507.807983398
264.890371332	755.938476563
264.890778435	872.338134766
264.891185539	901.169921875
264.891592643	797.966674805
264.891999749	458.638671875
264.892406855	0
264.892813963	0
264.893221071	0
264.89362818	0
264.898920686	0
264.899327809	0
264.899734932	0
264.900142056	0
264.900549181	566.405822754
264.900956308	892.477661133
264.901363435	970.491699219
264.901770563	989.88293457
264.902177692	1048.34191895
264.902584822	1086.15222168
264.902991952	930.116210938
264.903399084	499.276672363
264.903806217	0
264.904213351	0
264.904620485	0
264.905027621	0
265.449391749	0
265.449800141	0
265.450208534	0
265.450616928	0
265.451025323	314.108276367
265.451433719	629.325744629
265.451842116	820.090454102
265.452250514	744.505371094
265.452658912	425.555541992
265.453067312	0
265.453475712	0
265.453884114	0
265.454292516	0
266.534536876	0
266.534947775	0
266.535358675	0
266.535769576	0
266.536180477	533.838195801
266.53659138	766.221923828
266.537002284	787.864868164
266.537413188	659.428955078
266.537824094	531.271972656
266.538235	0
266.538645908	0
266.539056816	0
266.539467725	0
270.211475341	0
270.211894771	0
270.212314203	0
270.212733636	0
270.21315307	476.77331543
270.213572505	602.275878906
270.21399194	673.172546387
270.214411377	674.808776855
270.214830815	568.692687988
270.215250253	0
270.215669693	0
270.216089134	0
270.216508575	0
270.277337948	0
270.277757532	0
270.278177117	0
270.278596703	0
270.279016291	20.3376464844
270.279435879	751.237792969
270.279855468	1402.64477539
270.280275058	1491.68811035
270.280694649	1052.97290039
270.281114241	418.290466309
270.281533834	0
270.281953428	0
270.282373023	0
270.282792619	0
271.19857468	0
271.198996411	0
271.199418144	0
271.199839877	0
271.200261611	503.586120605
271.200683346	750.80078125
271.201105082	888.708740234
271.20152682	1034.53369141
271.201948558	1036.77124023
271.202370297	1028.27001953
271.202792037	966.426513672
271.203213778	714.992553711
271.20363552	395.408691406
271.204057263	0
271.204479007	0
271.204900752	0
271.205322498	0
272.014774532	0
272.015198169	0
272.015621806	0
272.016045445	0
272.016469084	544.946960449
272.016892725	656.70098877
272.017316366	763.863769531
272.017740009	771.082885742
272.018163652	619.587646484
272.018587297	424.684692383
272.019010942	0
272.019434589	0
272.019858236	0
272.020281885	0
272.182188017	0
272.182612045	0
272.183036074	0
272.183460103	0
272.183884134	436.329284668
272.184308166	909.764160156
272.184732199	1049.38378906
272.185156232	1058.34179688
272.185580267	676.907470703
272.186004303	126.092193604
272.186428339	908.525512695
272.186852377	1162.98596191
272.187276415	680.360656738
272.187700455	29.1682434082
272.188124496	0
272.188548537	0
272.18897258	0
272.189396623	0
274.197260865	0
274.19768961	0
274.198118356	0
274.198547104	0
274.198975852	237.57421875
274.199404601	836.06628418
274.199833352	1487.97717285
274.200262103	1739.59912109
274.200690855	1310.70715332
274.201119609	429.581542969
274.201548363	898.448730469
274.201977118	1958.74987793
274.202405875	2188.68505859
274.202834632	1475.59997559
274.20326339	426.113708496
274.20369215	0
274.20412091	0
274.204549672	0
274.204978434	0
275.159746926	0
275.160177931	0
275.160608936	0
275.161039943	0
275.161470951	239.228637695
275.16190196	896.997680664
275.162332969	1462.33349609
275.16276398	1265.23352051
275.163194992	168.943054199
275.163626005	679.065429688
275.164057019	1567.23083496
275.164488034	1744.62683105
275.16491905	1425.15234375
275.165350066	818.356445313
275.165781084	292.099731445
275.166212103	0
275.166643123	0
275.167074144	0
275.167505166	0
275.345172406	0
275.345603847	0
275.346035288	0
275.346466731	0
275.346898174	189.186920166
275.347329619	595.251220703
275.347761065	834.28515625
275.348192511	813.186523438
275.348623959	612.974121094
275.349055407	401.751098633
275.349486857	0
275.349918307	0
275.350349759	0
275.350781212	0
275.425006157	0
275.425437785	0
275.425869414	0
275.426301044	0
275.426732675	447.42590332
275.427164307	647.614196777
275.427595941	738.646179199
275.428027575	629.580932617
275.42845921	340.661560059
275.428890846	0
275.429322483	0
275.429754122	0
275.430185761	0
276.178877148	0
276.179310549	0
276.179743952	0
276.180177355	0
276.18061076	441.287475586
276.181044165	983.12890625
276.181477572	1255.26904297
276.181910979	1007.67321777
276.182344388	431.240600586
276.182777798	0
276.183211208	0
276.18364462	0
276.184078033	0
276.215286427	0
276.215719914	0
276.216153402	0
276.216586892	0
276.217020382	557.54473877
276.217453873	608.925109863
276.217887365	626.413330078
276.218320859	764.492431641
276.218754353	593.463806152
276.219187848	0
276.219621345	0
276.220054842	0
276.22048834	0
277.137883384	0
277.138319045	0
277.138754707	0
277.13919037	0
277.139626034	296.438537598
277.140061699	807.833862305
277.140497365	1250.68139648
277.140933032	2494.17480469
277.1413687	4778.19873047
277.141804369	6278.55224609
277.142240039	4989.34814453
277.14267571	4126.56298828
277.143111382	8016.48583984
277.143547055	9817.35546875
277.14398273	7836.31982422
277.144418405	4466.76025391
277.144854081	2322.23730469
277.145289758	1008.56799316
277.145725437	0
277.146161116	0
277.146596796	0
277.147032478	0
277.14746816	0
277.171432275	0
277.171868015	0
277.172303756	0
277.172739498	0
277.173175241	452.432312012
277.173610985	768.570068359
277.17404673	1079.95471191
277.174482476	1689.00842285
277.174918223	2235.21826172
277.175353971	2226.91064453
277.175789721	1569.00354004
277.176225471	1800.84118652
277.176661222	2542.515625
277.177096974	2065.64404297
277.177532728	908.367919922
277.177968482	610.374938965
277.178404237	551.297424316
277.178839994	0
277.179275751	0
277.17971151	0
277.180147269	0
277.907989453	0
277.908426931	0
277.90886441	0
277.90930189	0
277.909739372	374.710693359
277.910176854	636.776123047
277.910614337	731.256652832
277.911051821	667.268371582
277.911489306	484.218444824
277.911926793	0
277.91236428	0
277.912801768	0
277.913239258	0
278.17329061	0
278.173728715	0
278.17416682	0
278.174604927	0
278.175043035	246.389282227
278.175481144	754.705078125
278.175919253	931.67956543
278.176357364	751.411010742
278.176795476	334.368774414
278.177233589	0
278.177671703	0
278.178109818	0
278.178547934	0
278.178986051	0
278.179424169	0
278.179862288	45.745513916
278.180300408	1042.78552246
278.180738529	2068.30273438
278.181176651	3062.72949219
278.181614775	3597.28955078
278.182052899	3229.32714844
278.182491024	3271.50634766
278.182929151	4305.74414063
278.183367278	4558.51269531
278.183805406	3488.10253906
278.184243536	1719.71936035
278.184681666	186.955841064
278.185119798	0
278.18555793	0
278.185996064	0
278.186434199	0
279.091193555	0
279.09163383	0
279.092074106	0
279.092514383	0
279.092954661	165.429626465
279.09339494	682.481872559
279.09383522	821.817382813
279.094275501	687.796142578
279.094715783	553.633361816
279.095156066	0
279.095596351	0
279.096036636	0
279.096476922	0
279.186757618	0
279.187198119	0
279.187638621	0
279.188079124	0
279.188519628	317.608032227
279.188960133	793.640625
279.189400639	999.854003906
279.189841147	1289.93188477
279.190281655	1470.38525391
279.190722164	970.834228516
279.191162675	602.970275879
279.191603186	1954.26281738
279.192043699	3105.53320313
279.192484212	3188.13085938
279.192924727	2306.5
279.193365242	1263.48925781
279.193805759	490.527770996
279.194246276	0
279.194686795	0
279.195127315	0
279.195567836	0
280.134034907	0
280.134477652	0
280.134920397	0
280.135363144	0
280.135805892	462.329956055
280.136248641	718.494140625
280.136691391	818.521484375
280.137134143	703.55065918
280.137576895	437.799926758
280.138019648	0
280.138462402	0
280.138905157	0
280.139347914	0
280.150417164	0
280.150859948	0
280.151302732	0
280.151745518	0
280.152188305	472.526794434
280.152631093	695.788330078
280.153073882	1050.14770508
280.153516672	883.807617188
280.153959463	0
280.154402255	719.753234863
280.154845048	1344.5423584
280.155287842	1263.25317383
280.155730637	1004.99890137
280.156173433	728.570373535
280.156616231	302.891540527
280.157059029	0
280.157501828	0
280.157944629	0
280.15838743	0
283.199737926	0
283.200187959	0
283.200637993	0
283.201088027	0
283.201538063	574.931091309
283.2019881	898.684326172
283.202438138	884.938720703
283.202888177	665.79284668
283.203338217	262.88458252
283.203788258	0
283.2042383	0
283.204688343	0
283.205138388	0
283.236194039	0
283.236644158	0
283.237094279	0
283.2375444	0
283.237994523	0
283.238444647	627.800537109
283.238894771	878.862426758
283.239344897	742.750244141
283.239795024	525.62298584
283.240245152	0
283.240695281	0
283.241145412	0
283.241595543	0
283.69542289	0
283.695874104	0
283.69632532	0
283.696776537	0
283.697227754	556.522460938
283.697678973	657.050842285
283.698130193	742.205932617
283.698581414	754.766845703
283.699032636	613.955444336
283.69948386	360.368896484
283.699935084	0
283.700386309	0
283.700837536	0
283.701288763	0
283.93155515	0
283.932006928	0
283.932458707	0
283.932910488	0
283.933362269	594.33996582
283.933814051	735.397216797
283.934265835	872.179931641
283.934717619	858.104614258
283.935169405	640.890014648
283.935621192	362.421203613
283.936072979	0
283.936524768	0
283.936976558	0
283.937428349	0
284.181553092	0
284.182005467	0
284.182457843	0
284.18291022	0
284.183362598	430.245910645
284.183814977	1182.46228027
284.184267357	1866.17028809
284.184719739	2350.04541016
284.185172121	1902.17834473
284.185624505	720.79699707
284.186076889	1465.91833496
284.186529275	2312.08056641
284.186981662	2139.32568359
284.18743405	1428.69628906
284.187886438	665.200134277
284.188338828	16.6719665527
284.18879122	0
284.189243612	0
284.189696005	0
284.190148399	0
284.201911031	0
284.202363454	0
284.202815879	0
284.203268304	0
284.203720731	164.412078857
284.204173159	754.037109375
284.204625588	2934.03710938
284.205078018	5214.23974609
284.205530449	6646.73339844
284.205982881	6121.35400391
284.206435314	3889.234375
284.206887748	5930.59960938
284.207340184	10186.4570313
284.20779262	11074.8544922
284.208245058	8070.82861328
284.208697496	3710.49267578
284.209149936	756.998413086
284.209602377	117.613647461
284.210054819	0
284.210507262	0
284.210959706	0
284.211412151	0
284.326820923	0
284.327273645	0
284.327726368	0
284.328179092	0
284.328631817	78.2005004883
284.329084543	602.16192627
284.32953727	1152.49853516
284.329989998	1349.81335449
284.330442728	1013.26672363
284.330895458	211.356109619
284.33134819	241.639587402
284.331800922	1020.81689453
284.332253656	1268.59228516
284.332706391	1025.07299805
284.333159126	621.175231934
284.333611863	242.320617676
284.334064601	0
284.33451734	0
284.334970081	0
284.335422822	0
284.882670844	0
284.883124894	0
284.883578945	0
284.884032997	0
284.884487051	268.027099609
284.884941105	826.60534668
284.88539516	1331.48608398
284.885849217	1426.10498047
284.886303275	977.017822266
284.886757333	207.498809814
284.887211393	0
284.887665454	0
284.888119516	0
284.888573579	0
284.898563241	0
284.899017329	0
284.899471418	0
284.899925508	0
284.900379599	570.798400879
284.900833691	890.944946289
284.901287785	1338.79711914
284.901741879	1654.54089355
284.902195975	1440.06848145
284.902650072	856.190917969
284.903104169	363.742492676
284.903558268	0
284.904012368	0
284.904466469	0
284.904920571	0
284.905828779	0
284.906282884	0
284.906736991	0
284.907191098	0
284.907645207	183.44052124
284.908099317	1032.61755371
284.908553428	1612.1295166
284.909007539	1708.6673584
284.909461652	1483.6796875
284.909915767	1158.81176758
284.910369882	852.191040039
284.910823998	785.042114258
284.911278115	990.976928711
284.911732234	1001.26000977
284.912186353	820.042114258
284.912640474	818.374267578
284.913094595	779.799926758
284.913548718	630.344909668
284.914002842	666.467590332
284.914456967	793.012207031
284.914911093	913.889038086
284.91536522	991.984985352
284.915819348	935.231933594
284.916273477	872.575561523
284.916727608	932.322509766
284.917181739	1066.92687988
284.917635872	1288.26696777
284.918090005	1461.79589844
284.91854414	1307.1796875
284.918998276	798.963500977
284.919452413	240.122741699
284.919906551	0
284.92036069	0
284.92081483	356.344970703
284.921268971	683.817016602
284.921723113	958.33581543
284.922177257	1081.8984375
284.922631401	935.58190918
284.923085547	474.500976563
284.923539693	0
284.923993841	0
284.92444799	0
284.92490214	423.775085449
284.925356291	1111.72583008
284.925810443	1451.75109863
284.926264596	1265.1361084
284.92671875	702.023498535
284.927172906	79.9017944336
284.927627062	499.631286621
284.92808122	1184.57800293
284.928535378	1543.42114258
284.928989538	1486.66809082
284.929443699	1172.10888672
284.92989786	969.928710938
284.930352023	1216.59558105
284.930806187	1443.0723877
284.931260352	1504.22265625
284.931714519	1693.22180176
284.932168686	1728.60339355
284.932622854	1406.03149414
284.933077024	1032.45251465
284.933531194	895.586303711
284.933985366	963.353271484
284.934439539	1066.37438965
284.934893712	1348.09997559
284.935347887	1492.83532715
284.935802063	887.90612793
284.93625624	0
284.936710418	0
284.937164598	0
284.937618778	0
284.938072959	0
284.938527142	0
284.938981325	0
284.93943551	0
284.939889696	351.433654785
284.940343882	1250.25585938
284.94079807	1488.14306641
284.941252259	1110.15429688
284.941706449	1086.29846191
284.942160641	1822.56604004
284.942614833	2361.71044922
284.943069026	2392.27783203
284.943523221	2062.62158203
284.943977416	1682.46264648
284.944431613	1432.25646973
284.94488581	1137.9197998
284.945340009	818.465454102
284.945794209	774.114013672
284.94624841	846.073364258
284.946702612	923.391967773
284.947156815	1104.77514648
284.947611019	1161.90515137
284.948065225	872.865112305
284.948519431	405.315734863
284.948973638	279.375488281
284.949427847	781.450439453
284.949882057	1154.66113281
284.950336267	1053.58447266
284.950790479	747.972900391
284.951244692	689.606445313
284.951698906	802.554443359
284.952153121	759.616943359
284.952607337	444.391357422
284.953061554	0
284.953515773	131.161071777
284.953969992	625.652404785
284.954424212	1204.41967773
284.954878434	1620.96594238
284.955332657	1634.77294922
284.95578688	1213.68554688
284.956241105	803.369384766
284.956695331	1028.81347656
284.957149558	1147.2298584
284.957603786	632.015014648
284.958058015	0
284.958512246	0
284.958966477	0
284.959420709	0
284.959874943	0
284.96123765	0
284.961691888	0
284.962146127	0
284.962600367	0
284.963054608	572.099243164
284.96350885	666.08013916
284.963963094	739.474975586
284.964417338	773.294433594
284.964871583	775.244995117
284.96532583	799.669433594
284.965780078	973.108398438
284.966234326	1118.27941895
284.966688576	982.415649414
284.967142827	515.33416748
284.967597079	172.118835449
284.968051332	719.119689941
284.968505586	1221.99108887
284.968959841	1410.12438965
284.969414098	1303.74511719
284.969868355	1006.1965332
284.970322614	711.347290039
284.970776873	547.419189453
284.971231134	0
284.971685396	0
284.972139659	0
284.972593922	0
284.980316575	0
284.980770859	0
284.981225143	0
284.981679429	0
284.982133716	529.148193359
284.982588004	699.432983398
284.983042293	819.842041016
284.983496583	785.24206543
284.983950874	474.299377441
284.984405166	0
284.984859459	0
284.985313753	0
284.985768049	0
285.186673029	0
285.187127806	0
285.187582584	0
285.188037364	0
285.188492144	363.717956543
285.188946925	789.085327148
285.189401708	936.758300781
285.189856491	642.708740234
285.190311276	144.485229492
285.190766062	0
285.191220848	0
285.191675636	0
285.192130425	0
285.2057746	0
285.206229422	0
285.206684246	0
285.207139071	0
285.207593897	368.472351074
285.208048724	613.76763916
285.208503552	819.817626953
285.208958381	963.503540039
285.209413212	855.657348633
285.209868043	440.096801758
285.210322876	0
285.210777709	0
285.211232544	0
285.21168738	0
285.40782292	0
285.408278226	0
285.408733533	0
285.409188842	0
285.409644151	351.533325195
285.410099461	692.495849609
285.410554773	926.128417969
285.411010086	937.280029297
285.411465399	949.224121094
285.411920714	928.648681641
285.41237603	620.841247559
285.412831347	178.184692383
285.413286665	243.490905762
285.413741984	684.967590332
285.414197304	1024.79663086
285.414652626	1003.34094238
285.415107948	565.921264648
285.415563272	336.362060547
285.416018596	735.117614746
285.416473922	921.315795898
285.416929249	812.072265625
285.417384577	511.842529297
285.417839906	0
285.418295236	0
285.418750567	0
285.419205899	538.434509277
285.419661232	853.255126953
285.420116567	1247.97277832
285.420571902	1614.86938477
285.421027239	1808.65588379
285.421482577	1700.06103516
285.421937915	1377.16662598
285.422393255	1246.08874512
285.422848596	1365.4440918
285.423303938	1241.93713379
285.423759281	696.86920166
285.424214626	148.02230835
285.424669971	0
285.425125317	0
285.425580665	0
285.426036013	0
285.426946714	0
285.427402066	0
285.427857419	0
285.428312773	0
285.428768128	560.481201172
285.429223484	724.989868164
285.429678841	933.811523438
285.4301342	1128.91723633
285.430589559	1201.13061523
285.43104492	1032.18774414
285.431500281	624.194641113
285.431955644	193.362670898
285.432411008	0
285.432866373	0
285.433321739	0
285.433777106	0
287.099481197	0
287.099940557	0
287.100399918	0
287.10085928	0
287.101318643	473.126586914
287.101778008	700.654907227
287.102237374	797.024414063
287.10269674	719.708068848
287.103156108	481.365722656
287.103615477	0
287.104074847	0
287.104534218	0
287.10499359	0
287.267220891	0
287.267680654	0
287.268140417	0
287.268600182	0
287.269059948	494.037963867
287.269519715	881.758544922
287.269979484	1672.38781738
287.270439253	1871.22277832
287.270899023	1354.45349121
287.271358795	608.975585938
287.271818568	88.2780456543
287.272278341	0
287.272738116	0
287.273197892	0
287.273657669	0
288.121520668	0
288.121982483	0
288.122444299	0
288.122906117	0
288.123367935	386.781066895
288.123829755	798.821655273
288.124291576	1000.55480957
288.124753397	924.262207031
288.12521522	647.26953125
288.125677044	313.734191895
288.12613887	0
288.126600696	0
288.127062523	0
288.127524352	0
288.177870314	0
288.178332264	0
288.178794216	0
288.179256169	0
288.179718123	388.147583008
288.180180078	614.229125977
288.180642034	665.358459473
288.181103991	657.196228027
288.18156595	420.544128418
288.182027909	0
288.18248987	0
288.182951832	0
288.183413795	0
288.212519694	0
288.212981728	0
288.213443763	0
288.2139058	0
288.214367837	285.664245605
288.214829875	599.291748047
288.215291915	934.181518555
288.215753955	985.309692383
288.216215997	630.673278809
288.21667804	38.9328613281
288.217140084	797.782958984
288.217602129	1396.1262207
288.218064175	1261.38549805
288.218526223	789.426879883
288.218988271	574.776306152
288.21945032	0
288.219912371	0
288.220374423	0
288.220836476	0
289.174100503	0
289.174564851	0
289.1750292	0
289.17549355	0
289.175957902	547.621459961
289.176422254	688.063842773
289.176886608	830.514892578
289.177350963	897.129394531
289.177815319	671.536682129
289.178279676	330.175842285
289.178744034	0
289.179208394	0
289.179672754	0
289.180137116	0
289.233081668	0
289.233546158	0
289.234010649	0
289.234475142	0
289.234939635	486.890563965
289.23540413	678.251525879
289.235868626	768.979858398
289.236333123	694.425231934
289.236797621	467.37890625
289.23726212	0
289.23772662	0
289.238191122	0
289.238655624	0
289.412922992	0
289.413387915	0
289.41385284	0
289.414317766	0
289.414782692	228.099609375
289.41524762	601.36517334
289.415712549	775.67590332
289.41617748	640.46081543
289.416642411	308.265380859
289.417107344	0
289.417572277	0
289.418037212	0
289.418502148	0
290.191842922	0
290.192309723	0
290.192776526	0
290.19324333	0
290.193710135	410.205810547
290.194176941	778.44128418
290.194643749	1331.40393066
290.195110557	1526.95507813
290.195577367	1032.91442871
290.196044178	356.702270508
290.196510989	471.548339844
290.196977802	873.977783203
290.197444616	1152.7208252
290.197911432	984.147094727
290.198378248	438.376281738
290.198845065	0
290.199311884	0
290.199778704	0
290.200245525	0
291.153502785	0
291.153971909	0
291.154441034	0
291.154910161	0
291.155379288	190.236297607
291.155848417	1219.65600586
291.156317546	3493.36865234
291.156786677	6431.57324219
291.157255809	7921.47119141
291.157724942	6008.30859375
291.158194076	5304.02490234
291.158663212	10694.9550781
291.159132348	13747.1113281
291.159601486	12098.0859375
291.160070625	7558.45507813
291.160539764	2902.22167969
291.161008905	6.77935791016
291.161478048	0
291.161947191	0
291.162416335	0
291.162885481	0
292.07375309	0
292.07422444	0
292.074695791	0
292.075167143	0
292.075638497	570.597045898
292.076109851	657.239074707
292.076581207	663.293762207
292.077052563	605.726745605
292.077523921	520.830566406
292.07799528	0
292.078466641	0
292.078938002	0
292.079409364	0
292.159557568	0
292.160029126	0
292.160500685	0
292.160972245	0
292.161443806	0
292.161915368	615.366699219
292.162386931	1027.92041016
292.162858496	907.360717773
292.163330061	300.729064941
292.163801628	0
292.164273196	0
292.164744765	0
292.165216335	0
292.173704794	0
292.174176386	0
292.174647979	0
292.175119573	0
292.175591168	302.477050781
292.176062764	735.760131836
292.176534362	854.240478516
292.177005961	639.951660156
292.177477561	259.371582031
292.177949162	0
292.178420764	0
292.178892367	0
292.179363972	0
292.354408039	0
292.354880069	0
292.355352099	0
292.355824131	0
292.356296164	374.183227539
292.356768198	608.090759277
292.357240233	824.740478516
292.357712269	873.086425781
292.358184307	680.538513184
292.358656345	295.1796875
292.359128385	0
292.359600426	0
292.360072468	0
292.360544511	0
292.72719495	0
292.727667882	0
292.728140816	0
292.728613751	0
292.729086687	406.854919434
292.729559624	626.431396484
292.730032563	726.454650879
292.730505502	633.047973633
292.730978443	365.5390625
292.731451384	0
292.731924327	0
292.732397271	0
292.732870216	0
292.914092537	0
292.914565923	0
292.915039309	0
292.915512697	0
292.915986086	373.358093262
292.916459477	632.587097168
292.916932868	754.951782227
292.91740626	657.394104004
292.917879654	397.207458496
292.918353049	0
292.918826445	0
292.919299842	0
292.91977324	0
293.352465094	0
293.352939543	0
293.353413993	0
293.353888443	0
293.354362896	420.851257324
293.354837349	646.67401123
293.355311803	729.984680176
293.355786259	632.561096191
293.356260716	406.202087402
293.356735173	0
293.357209632	0
293.357684093	0
293.358158554	0
293.591258169	0
293.591733197	0
293.592208226	0
293.592683257	0
293.593158288	552.34967041
293.593633321	756.291625977
293.594108355	811.842895508
293.59458339	725.369262695
293.595058426	498.303222656
293.595533463	0
293.596008502	0
293.596483541	0
293.596958582	0
293.856027443	0
293.856503114	0
293.856978786	0
293.857454459	0
293.857930133	453.875305176
293.858405809	653.768920898
293.858881485	701.071472168
293.859357163	618.53112793
293.859832842	472.559326172
293.860308522	0
293.860784203	0
293.861259886	0
293.861735569	0
294.69356617	0
294.694043876	0
294.694521583	0
294.694999292	0
294.695477001	456.718994141
294.695954711	743.151672363
294.696432423	837.248291016
294.696910136	751.80871582
294.69738785	516.033630371
294.697865565	0
294.698343282	0
294.698820999	0
294.699298718	0
296.094876615	0
296.095357732	0
296.095838851	0
296.09631997	0
296.096801091	564.41973877
296.097282213	725.952392578
296.097763336	736.567321777
296.09824446	635.52154541
296.098725586	481.312255859
296.099206712	0
296.09968784	0
296.100168969	0
296.100650099	0
297.178913321	0
297.179397082	0
297.179880845	0
297.18036461	0
297.180848375	361.601074219
297.181332141	988.788085938
297.181815909	1148.41320801
297.182299678	656.875305176
297.182783448	49.7278442383
297.183267219	0
297.183750992	0
297.184234766	0
297.18471854	0
298.220763837	0
298.221250145	0
298.221736454	0
298.222222765	0
298.222709076	145.736633301
298.223195389	624.31439209
298.223681703	821.891723633
298.224168018	738.992614746
298.224654334	560.737792969
298.225140652	0
298.22562697	0
298.22611329	0
298.226599611	0
298.235839938	0
298.236326283	0
298.236812629	0
298.237298976	0
298.237785325	293.393737793
298.238271674	613.425415039
298.238758025	792.745605469
298.239244377	669.585449219
298.23973073	503.995361328
298.240217085	0
298.24070344	0
298.241189797	0
298.241676155	0
298.307831923	0
298.308318444	0
298.308804966	0
298.309291489	0
298.309778014	153.199401855
298.31026454	730.306640625
298.310751066	939.428955078
298.311237595	650.153869629
298.311724124	20.7845153809
298.312210654	0
298.312697186	0
298.313183719	0
298.313670253	0
299.228508082	0
299.228996857	0
299.229485634	0
299.229974411	0
299.23046319	493.703369141
299.23095197	1319.5826416
299.231440751	2335.08886719
299.231929533	2557.9609375
299.232418316	1515.54724121
299.232907101	1067.08349609
299.233395887	2242.65966797
299.233884674	2445.51220703
299.234373462	1780.32531738
299.234862252	933.02734375
299.235351042	290.093139648
299.235839834	0
299.236328627	0
299.236817421	0
299.237306217	0
299.267613872	0
299.268102743	0
299.268591615	0
299.269080488	0
299.269569363	478.224731445
299.270058239	721.17364502
299.270547116	756.02746582
299.271035994	636.15838623
299.271524873	473.184570313
299.272013753	0
299.272502635	0
299.272991518	0
299.273480402	0
300.243825304	0
300.244316568	0
300.244807834	0
300.245299102	0
